{
"type": "FeatureCollection",
"name": "liverpool-msoa-boundaries",
"crs": { "type": "name", "properties": { "name": "urn:ogc:def:crs:OGC:1.3:CRS84" } },
"features": [
{ "type": "Feature", "properties": { "MSOA21CD": "E02001347", "MSOA21NM": "Liverpool 001" }, "geometry": { "type": "Polygon", "coordinates": [ [ [ -2.92256732719741, 53.474998825946201 ], [ -2.92000378240315, 53.473285704576099 ], [ -2.92099653169589, 53.472624079476098 ], [ -2.91871323262349, 53.468592449510297 ], [ -2.91865765593984, 53.468311772337998 ], [ -2.91830153155308, 53.468357817427098 ], [ -2.91581893553004, 53.4688358163393 ], [ -2.91523682559654, 53.466781629203297 ], [ -2.91493753979075, 53.466090250689099 ], [ -2.91441648138518, 53.46500047968 ], [ -2.91389682935266, 53.464984382838097 ], [ -2.91381094673577, 53.464909695951299 ], [ -2.91376783214947, 53.4648723448217 ], [ -2.91326649503178, 53.464014964141001 ], [ -2.91175113978651, 53.462168133266303 ], [ -2.91045836028106, 53.4585492993386 ], [ -2.91045387796505, 53.4584615414296 ], [ -2.91690260083688, 53.456554508817398 ], [ -2.91992710364324, 53.454633025845403 ], [ -2.91998957106443, 53.454595394695197 ], [ -2.92109460983042, 53.454121790560599 ], [ -2.9252273186949, 53.453318212903397 ], [ -2.92556588144713, 53.453884366140102 ], [ -2.92590408965515, 53.453837512161797 ], [ -2.9252152801302, 53.453970793352099 ], [ -2.92535940140159, 53.454462095930602 ], [ -2.9258370177572, 53.4556501377335 ], [ -2.92354530783365, 53.455417415432002 ], [ -2.92343245848251, 53.455738661579304 ], [ -2.92121811568266, 53.456366751572503 ], [ -2.92140396230487, 53.456533927625301 ], [ -2.92358332507092, 53.456018242688302 ], [ -2.92269103714254, 53.456509257457299 ], [ -2.92301491430706, 53.457072227665797 ], [ -2.92270894804489, 53.457811732844903 ], [ -2.92457367447288, 53.459099312319502 ], [ -2.92528871120977, 53.460244923623101 ], [ -2.92712522271984, 53.463865026290797 ], [ -2.92942028178314, 53.466368852329097 ], [ -2.92973922210022, 53.466663719723897 ], [ -2.93185388900029, 53.468465500937398 ], [ -2.93243533816093, 53.4685836265608 ], [ -2.93283311718893, 53.4683025346975 ], [ -2.93273653110504, 53.4673324987318 ], [ -2.93738539691102, 53.467062415466202 ], [ -2.93749120968985, 53.4677627118948 ], [ -2.9381535134643, 53.467624129893899 ], [ -2.93814474870984, 53.468735789645301 ], [ -2.93855505008091, 53.469552121930697 ], [ -2.93921779136368, 53.469546915547703 ], [ -2.93951512762692, 53.471414248507699 ], [ -2.93998416870123, 53.471572318412299 ], [ -2.9413493738513, 53.471265019628298 ], [ -2.9425421399282, 53.469815046922697 ], [ -2.94399175828703, 53.469871525253197 ], [ -2.94535369972251, 53.469566493631298 ], [ -2.94657684359923, 53.4712326852652 ], [ -2.94695980310529, 53.471744152799303 ], [ -2.94743308505956, 53.472486697433801 ], [ -2.94719271569177, 53.472166291079098 ], [ -2.94614728845079, 53.4729815951994 ], [ -2.93986178417143, 53.473374855703199 ], [ -2.93983843850747, 53.473582500644 ], [ -2.93613752977944, 53.473731122591403 ], [ -2.93512619365909, 53.473769277699503 ], [ -2.93337347731299, 53.473835410613503 ], [ -2.93326546797227, 53.473118148896901 ], [ -2.93069054533242, 53.473530726443599 ], [ -2.92769749511666, 53.473827641476298 ], [ -2.92836144104875, 53.4734671680947 ], [ -2.92762381936091, 53.473342531457902 ], [ -2.92256732719741, 53.474998825946201 ] ] ] } },
{ "type": "Feature", "properties": { "MSOA21CD": "E02001348", "MSOA21NM": "Liverpool 002" }, "geometry": { "type": "Polygon", "coordinates": [ [ [ -2.94787105640587, 53.473070463357701 ], [ -2.94743308505956, 53.472486697433801 ], [ -2.94695980310529, 53.471744152799303 ], [ -2.94657684359923, 53.4712326852652 ], [ -2.94535369972251, 53.469566493631298 ], [ -2.94430944797336, 53.468176450488599 ], [ -2.94404999011927, 53.468263902932797 ], [ -2.94264721142058, 53.468220116867002 ], [ -2.94208315027097, 53.466962554314598 ], [ -2.94327197976703, 53.466559944119702 ], [ -2.9433872471182, 53.465990465965596 ], [ -2.94375633644221, 53.465798220755097 ], [ -2.94415418220885, 53.465607491002601 ], [ -2.94447259308146, 53.465540210657998 ], [ -2.94480750184592, 53.465016509537001 ], [ -2.94644632790886, 53.464471835686801 ], [ -2.94900886823138, 53.4647684223198 ], [ -2.95226686105843, 53.464616219514298 ], [ -2.95223318879371, 53.464392317525899 ], [ -2.95090118247415, 53.4644729466605 ], [ -2.94883503645942, 53.463903559991302 ], [ -2.95221453265791, 53.462646334378398 ], [ -2.95281191918411, 53.4623829609179 ], [ -2.95651504667789, 53.460626628428301 ], [ -2.95812010075425, 53.460993737036702 ], [ -2.95817795501928, 53.461754500924499 ], [ -2.95745024266815, 53.462210547861297 ], [ -2.95828960212393, 53.462099958615198 ], [ -2.95953246073446, 53.463183256111201 ], [ -2.95866072551453, 53.463936324712897 ], [ -2.96092433407277, 53.464665808266801 ], [ -2.96074754582164, 53.4649591057508 ], [ -2.96132277324489, 53.465256037017802 ], [ -2.96134015321076, 53.465191213635201 ], [ -2.96194095456425, 53.465114468553899 ], [ -2.96183779644839, 53.465451184246497 ], [ -2.96224524937646, 53.465456866084203 ], [ -2.96291010988219, 53.466005546119398 ], [ -2.96374388421963, 53.466432518068203 ], [ -2.96375563562825, 53.466761162572702 ], [ -2.96326205446941, 53.466603648724401 ], [ -2.96199692073973, 53.467561912524403 ], [ -2.96106994349175, 53.4675429390145 ], [ -2.96098915007387, 53.467784911507202 ], [ -2.96029921163268, 53.4677138097015 ], [ -2.95974334566213, 53.467661995963098 ], [ -2.95930173598287, 53.467665649418798 ], [ -2.95853287149844, 53.468820328633797 ], [ -2.95808160952424, 53.4688584911258 ], [ -2.95686614356815, 53.471499919675502 ], [ -2.95630638238201, 53.47299342334 ], [ -2.95574973501867, 53.472819798854601 ], [ -2.95569710365685, 53.472425844729301 ], [ -2.95508819997206, 53.472480959764198 ], [ -2.95137310857368, 53.472854700587597 ], [ -2.94787105640587, 53.473070463357701 ] ] ] } },
{ "type": "Feature", "properties": { "MSOA21CD": "E02001349", "MSOA21NM": "Liverpool 003" }, "geometry": { "type": "Polygon", "coordinates": [ [ [ -2.96022988541992, 53.467972421308303 ], [ -2.96029921163268, 53.4677138097015 ], [ -2.96098915007387, 53.467784911507202 ], [ -2.96106994349175, 53.4675429390145 ], [ -2.96199692073973, 53.467561912524403 ], [ -2.96326205446941, 53.466603648724401 ], [ -2.96375563562825, 53.466761162572702 ], [ -2.96374388421963, 53.466432518068203 ], [ -2.96291010988219, 53.466005546119398 ], [ -2.96224524937646, 53.465456866084203 ], [ -2.96183779644839, 53.465451184246497 ], [ -2.96194095456425, 53.465114468553899 ], [ -2.96134015321076, 53.465191213635201 ], [ -2.96132277324489, 53.465256037017802 ], [ -2.96074754582164, 53.4649591057508 ], [ -2.96092433407277, 53.464665808266801 ], [ -2.95866072551453, 53.463936324712897 ], [ -2.95953246073446, 53.463183256111201 ], [ -2.95828960212393, 53.462099958615198 ], [ -2.95745024266815, 53.462210547861297 ], [ -2.95817795501928, 53.461754500924499 ], [ -2.95812010075425, 53.460993737036702 ], [ -2.95651504667789, 53.460626628428301 ], [ -2.95281191918411, 53.4623829609179 ], [ -2.95221453265791, 53.462646334378398 ], [ -2.94973841624513, 53.459966627896499 ], [ -2.94895374369157, 53.459306608570003 ], [ -2.95240913048355, 53.458274773251802 ], [ -2.95410852229139, 53.4569954640058 ], [ -2.95421115428232, 53.456725774435697 ], [ -2.95345729172225, 53.456912761543698 ], [ -2.95226397385403, 53.455628623713501 ], [ -2.9531619785112, 53.455643036612798 ], [ -2.95317787950936, 53.455541286205097 ], [ -2.9532070798128, 53.455354439724303 ], [ -2.95323378615046, 53.455183543801603 ], [ -2.95266421188513, 53.453746875541398 ], [ -2.95344683814341, 53.453769055207403 ], [ -2.95334124797922, 53.4545000951288 ], [ -2.95375480377639, 53.454878095595298 ], [ -2.9543287362386, 53.4548474367936 ], [ -2.95483134415707, 53.454893964941903 ], [ -2.95477552290147, 53.456596619978498 ], [ -2.95489905309798, 53.456810512326101 ], [ -2.95526126491201, 53.457437666943697 ], [ -2.95572447631609, 53.4572856404559 ], [ -2.95999567350647, 53.4556300230213 ], [ -2.96052417845144, 53.455710624725697 ], [ -2.96084668933355, 53.455863437674999 ], [ -2.96056210558222, 53.456459169737798 ], [ -2.96193886098264, 53.456379923965201 ], [ -2.96208896678406, 53.456678489219897 ], [ -2.96291868828751, 53.4571478933495 ], [ -2.96538484516822, 53.457211203379799 ], [ -2.96524914649856, 53.457555165460199 ], [ -2.96722917020397, 53.457159208591101 ], [ -2.96809335454901, 53.456983625864503 ], [ -2.97000202296836, 53.458054455841001 ], [ -2.97260180954453, 53.458382645567497 ], [ -2.97261051132992, 53.458398842553798 ], [ -2.97269510777827, 53.458581841462497 ], [ -2.97269697736556, 53.458585884657801 ], [ -2.97300757222441, 53.459257745559199 ], [ -2.97357795593368, 53.461235169508498 ], [ -2.97371936317988, 53.4628042737478 ], [ -2.97302979001475, 53.463303504540796 ], [ -2.97242546596435, 53.463724156525601 ], [ -2.97063443508323, 53.464995689136401 ], [ -2.96965386334956, 53.465713845643599 ], [ -2.9698267571302, 53.465966748295997 ], [ -2.96817497718506, 53.4671960338624 ], [ -2.967332161411, 53.467762260098603 ], [ -2.96660903493393, 53.4678149841099 ], [ -2.96241583523145, 53.468132767923997 ], [ -2.96193750193369, 53.4682937255333 ], [ -2.96022988541992, 53.467972421308303 ] ] ] } },
{ "type": "Feature", "properties": { "MSOA21CD": "E02001350", "MSOA21NM": "Liverpool 004" }, "geometry": { "type": "Polygon", "coordinates": [ [ [ -2.89524859234605, 53.4659239858264 ], [ -2.89464489585336, 53.464950427971999 ], [ -2.89396201310655, 53.464666861731303 ], [ -2.89417187198277, 53.464385405797699 ], [ -2.89317484334428, 53.463516202679898 ], [ -2.89210087076133, 53.463279750431198 ], [ -2.89144037169161, 53.463115664958003 ], [ -2.89106176230551, 53.462658950267397 ], [ -2.88998099418604, 53.462406368094904 ], [ -2.89007816508086, 53.461496068345298 ], [ -2.88946101777355, 53.461019768053497 ], [ -2.88815547131236, 53.460660205077602 ], [ -2.89075147670079, 53.458007677100802 ], [ -2.89123715791749, 53.458183280771202 ], [ -2.89140144866754, 53.4580210591336 ], [ -2.89320182270693, 53.455969083823 ], [ -2.89414497596199, 53.455987109256299 ], [ -2.89397537647563, 53.456192573608298 ], [ -2.89553594168085, 53.456704676490297 ], [ -2.89560393216229, 53.4569456202941 ], [ -2.89515749015045, 53.456869388777598 ], [ -2.89454144010649, 53.457317844113398 ], [ -2.89541346220696, 53.457426781347301 ], [ -2.89615390343628, 53.457444097866897 ], [ -2.89650030197258, 53.456985172552898 ], [ -2.89666120846059, 53.456759248947698 ], [ -2.89750187641629, 53.456917834912197 ], [ -2.89851959930668, 53.455381194652503 ], [ -2.89805762536395, 53.455258777387897 ], [ -2.89655072511399, 53.454110860138499 ], [ -2.89687337002838, 53.451357415354998 ], [ -2.89740959952812, 53.451387368096697 ], [ -2.89868470962251, 53.451268509186797 ], [ -2.89847113774765, 53.452190674130499 ], [ -2.89919120601216, 53.4525650174715 ], [ -2.89978420405458, 53.453686773179598 ], [ -2.90028270021866, 53.452690556169401 ], [ -2.90100937780098, 53.453183509909103 ], [ -2.90188696180928, 53.453196367991801 ], [ -2.90148554197077, 53.4521867911551 ], [ -2.90017795282687, 53.4522817863974 ], [ -2.90023428596162, 53.451685513756999 ], [ -2.90108429791107, 53.451557510917297 ], [ -2.90096953134323, 53.451202093079203 ], [ -2.89956218414227, 53.451399260314503 ], [ -2.89882843283607, 53.451015521594499 ], [ -2.89885762534585, 53.450276888647899 ], [ -2.89843835214981, 53.450336992491003 ], [ -2.89841447559137, 53.450065308867003 ], [ -2.89892266908963, 53.449740097433597 ], [ -2.8987088483389, 53.449166445566199 ], [ -2.8974065751298, 53.4493702671287 ], [ -2.89736029620973, 53.448996926591001 ], [ -2.89729978108545, 53.448046118265502 ], [ -2.89655577570491, 53.4476640023587 ], [ -2.89798034456463, 53.446754836042103 ], [ -2.89957347128934, 53.446418499577298 ], [ -2.89935587261328, 53.446227072298399 ], [ -2.89919223276842, 53.445995072787099 ], [ -2.90036702075276, 53.445154634166698 ], [ -2.90084824467647, 53.444850463846102 ], [ -2.90370324992825, 53.443428468922903 ], [ -2.90539471550247, 53.444648586227501 ], [ -2.90578589806134, 53.4445446655265 ], [ -2.90561764699196, 53.444240509529699 ], [ -2.9069883346781, 53.443803359227999 ], [ -2.90764556873913, 53.444558919826399 ], [ -2.90474464302186, 53.446394609551199 ], [ -2.90266778821609, 53.447708675601099 ], [ -2.90153710338777, 53.448424041912403 ], [ -2.90173314496906, 53.448688331321001 ], [ -2.9025522217717, 53.448835161335701 ], [ -2.90462253657119, 53.447894127933203 ], [ -2.90581112992089, 53.448736261387701 ], [ -2.90671611065087, 53.449652614971903 ], [ -2.91011772177514, 53.447848811130498 ], [ -2.91040833537772, 53.448188085507802 ], [ -2.90954067180517, 53.448693600498203 ], [ -2.91209989498189, 53.449059470668999 ], [ -2.91244767848331, 53.449571011113498 ], [ -2.91299158448662, 53.449264891191703 ], [ -2.91314878367327, 53.4492230943859 ], [ -2.91703259043162, 53.451856453676101 ], [ -2.91998957106443, 53.454595394695197 ], [ -2.91992710364324, 53.454633025845403 ], [ -2.91690260083688, 53.456554508817398 ], [ -2.91045387796505, 53.4584615414296 ], [ -2.91045836028106, 53.4585492993386 ], [ -2.91175113978651, 53.462168133266303 ], [ -2.91326649503178, 53.464014964141001 ], [ -2.91376783214947, 53.4648723448217 ], [ -2.91250350066859, 53.465259478419902 ], [ -2.90958628539441, 53.465030866808597 ], [ -2.90842080609105, 53.465242006851099 ], [ -2.90524677515375, 53.4651130134949 ], [ -2.90395116746534, 53.4673003217681 ], [ -2.90462795463305, 53.468069341623398 ], [ -2.90550260272623, 53.469620275574201 ], [ -2.90587129947386, 53.470172862163203 ], [ -2.9011898320293, 53.469417250358397 ], [ -2.8951490348989, 53.4671435476018 ], [ -2.89489470853257, 53.466029530122697 ], [ -2.89524859234605, 53.4659239858264 ] ] ] } },
{ "type": "Feature", "properties": { "MSOA21CD": "E02001351", "MSOA21NM": "Liverpool 005" }, "geometry": { "type": "Polygon", "coordinates": [ [ [ -2.93951512762692, 53.471414248507699 ], [ -2.93921779136368, 53.469546915547703 ], [ -2.93855505008091, 53.469552121930697 ], [ -2.93814474870984, 53.468735789645301 ], [ -2.9381535134643, 53.467624129893899 ], [ -2.93749120968985, 53.4677627118948 ], [ -2.93738539691102, 53.467062415466202 ], [ -2.93273653110504, 53.4673324987318 ], [ -2.93283311718893, 53.4683025346975 ], [ -2.93243533816093, 53.4685836265608 ], [ -2.93185388900029, 53.468465500937398 ], [ -2.92973922210022, 53.466663719723897 ], [ -2.92942028178314, 53.466368852329097 ], [ -2.92712522271984, 53.463865026290797 ], [ -2.92528871120977, 53.460244923623101 ], [ -2.92457367447288, 53.459099312319502 ], [ -2.92270894804489, 53.457811732844903 ], [ -2.92301491430706, 53.457072227665797 ], [ -2.92269103714254, 53.456509257457299 ], [ -2.92358332507092, 53.456018242688302 ], [ -2.92140396230487, 53.456533927625301 ], [ -2.92121811568266, 53.456366751572503 ], [ -2.92343245848251, 53.455738661579304 ], [ -2.92354530783365, 53.455417415432002 ], [ -2.9258370177572, 53.4556501377335 ], [ -2.92535940140159, 53.454462095930602 ], [ -2.9252152801302, 53.453970793352099 ], [ -2.92590408965515, 53.453837512161797 ], [ -2.92556588144713, 53.453884366140102 ], [ -2.9252273186949, 53.453318212903397 ], [ -2.92109460983042, 53.454121790560599 ], [ -2.91998957106443, 53.454595394695197 ], [ -2.91703259043162, 53.451856453676101 ], [ -2.91314878367327, 53.4492230943859 ], [ -2.91356276665067, 53.449001571053401 ], [ -2.91612724032708, 53.447979386756302 ], [ -2.91621715317165, 53.447939767525902 ], [ -2.91656551960224, 53.448252277896302 ], [ -2.91734015627828, 53.448022448596603 ], [ -2.91867022925363, 53.447355258117 ], [ -2.91985562484409, 53.447947880352103 ], [ -2.92018278688493, 53.447824436564098 ], [ -2.92107696897819, 53.448131949834803 ], [ -2.92245087179546, 53.447834305403802 ], [ -2.92308538760224, 53.447978345702701 ], [ -2.92285157349403, 53.448291527554098 ], [ -2.924034106563, 53.448811457341698 ], [ -2.92615648093966, 53.448084919225501 ], [ -2.9253058038387, 53.447171035490797 ], [ -2.92748423071753, 53.447400227288199 ], [ -2.92858252059487, 53.448168097558501 ], [ -2.92878662978997, 53.447795076002102 ], [ -2.92961321969699, 53.447988470100398 ], [ -2.93042520423114, 53.447698423952502 ], [ -2.93058886415095, 53.448039848163901 ], [ -2.9312329292416, 53.447876835793501 ], [ -2.93145117360749, 53.448199273558103 ], [ -2.93222342099522, 53.448142221100198 ], [ -2.93207647781367, 53.447748721540997 ], [ -2.93295716771078, 53.447626810041498 ], [ -2.93469803727973, 53.449654219927602 ], [ -2.93586076090199, 53.4499992825383 ], [ -2.93600628977541, 53.450246318650997 ], [ -2.93616079559284, 53.450424872580598 ], [ -2.93559658902893, 53.450603376489397 ], [ -2.93198390708344, 53.451689421538703 ], [ -2.9322378656325, 53.451960920477802 ], [ -2.93296607515163, 53.451785043953997 ], [ -2.93341436646223, 53.452838709370702 ], [ -2.93295091365823, 53.452929564700597 ], [ -2.93359648812508, 53.453811200289898 ], [ -2.93429960824433, 53.453999575754601 ], [ -2.93416076947078, 53.454412181011698 ], [ -2.93469042592855, 53.454352767768299 ], [ -2.93486324203365, 53.454555066635798 ], [ -2.93488027266807, 53.454551899691801 ], [ -2.93552399549647, 53.454339100952197 ], [ -2.93914882716247, 53.453758021054803 ], [ -2.94530511041153, 53.455825241876902 ], [ -2.94895374369157, 53.459306608570003 ], [ -2.94973841624513, 53.459966627896499 ], [ -2.95221453265791, 53.462646334378398 ], [ -2.94883503645942, 53.463903559991302 ], [ -2.95090118247415, 53.4644729466605 ], [ -2.95223318879371, 53.464392317525899 ], [ -2.95226686105843, 53.464616219514298 ], [ -2.94900886823138, 53.4647684223198 ], [ -2.94644632790886, 53.464471835686801 ], [ -2.94480750184592, 53.465016509537001 ], [ -2.94447259308146, 53.465540210657998 ], [ -2.94415418220885, 53.465607491002601 ], [ -2.94375633644221, 53.465798220755097 ], [ -2.9433872471182, 53.465990465965596 ], [ -2.94327197976703, 53.466559944119702 ], [ -2.94208315027097, 53.466962554314598 ], [ -2.94264721142058, 53.468220116867002 ], [ -2.94404999011927, 53.468263902932797 ], [ -2.94430944797336, 53.468176450488599 ], [ -2.94535369972251, 53.469566493631298 ], [ -2.94399175828703, 53.469871525253197 ], [ -2.9425421399282, 53.469815046922697 ], [ -2.9413493738513, 53.471265019628298 ], [ -2.93998416870123, 53.471572318412299 ], [ -2.93951512762692, 53.471414248507699 ] ] ] } },
{ "type": "Feature", "properties": { "MSOA21CD": "E02001352", "MSOA21NM": "Liverpool 006" }, "geometry": { "type": "Polygon", "coordinates": [ [ [ -2.97000202296836, 53.458054455841001 ], [ -2.96809335454901, 53.456983625864503 ], [ -2.96722917020397, 53.457159208591101 ], [ -2.96524914649856, 53.457555165460199 ], [ -2.96538484516822, 53.457211203379799 ], [ -2.96291868828751, 53.4571478933495 ], [ -2.96208896678406, 53.456678489219897 ], [ -2.96193886098264, 53.456379923965201 ], [ -2.96056210558222, 53.456459169737798 ], [ -2.96084668933355, 53.455863437674999 ], [ -2.96052417845144, 53.455710624725697 ], [ -2.95999567350647, 53.4556300230213 ], [ -2.95572447631609, 53.4572856404559 ], [ -2.95526126491201, 53.457437666943697 ], [ -2.95489905309798, 53.456810512326101 ], [ -2.95477552290147, 53.456596619978498 ], [ -2.95483134415707, 53.454893964941903 ], [ -2.9543287362386, 53.4548474367936 ], [ -2.95500278415438, 53.453735757194899 ], [ -2.95662112154413, 53.452448130877698 ], [ -2.95674017931328, 53.4523838880338 ], [ -2.95414929398056, 53.450654370255698 ], [ -2.95892633227111, 53.449977099292703 ], [ -2.96358452761455, 53.448686527078301 ], [ -2.96596666264439, 53.447719811417699 ], [ -2.96603544143573, 53.447679533404298 ], [ -2.9670157133315, 53.447601042320699 ], [ -2.96780817901193, 53.447535704215198 ], [ -2.97001224385043, 53.447335376200101 ], [ -2.97024705538127, 53.4473391861994 ], [ -2.97292303230421, 53.447420388539001 ], [ -2.9733767571967, 53.447447137250201 ], [ -2.97357384579512, 53.448725658721102 ], [ -2.97374838517122, 53.4496660042023 ], [ -2.9729225082632, 53.449705064975099 ], [ -2.97293584727038, 53.449923129676897 ], [ -2.9723465759023, 53.4509318310431 ], [ -2.97157890029701, 53.452194326993798 ], [ -2.97164871888545, 53.4528736496843 ], [ -2.97175719778381, 53.456271891554699 ], [ -2.97260180954453, 53.458382645567497 ], [ -2.97000202296836, 53.458054455841001 ] ] ] } },
{ "type": "Feature", "properties": { "MSOA21CD": "E02001353", "MSOA21NM": "Liverpool 007" }, "geometry": { "type": "Polygon", "coordinates": [ [ [ -2.88338078635048, 53.458118258849197 ], [ -2.87684069488215, 53.455468151294497 ], [ -2.87489327181363, 53.454646441894603 ], [ -2.87446423947529, 53.454266969064498 ], [ -2.87414555504377, 53.453985091052502 ], [ -2.87151260118589, 53.452815997973303 ], [ -2.87128748344926, 53.452716034467898 ], [ -2.87119271399121, 53.452593592552198 ], [ -2.8706605879393, 53.4519060640365 ], [ -2.86962859751643, 53.450572621110602 ], [ -2.86961098144222, 53.450549857527797 ], [ -2.86819177495548, 53.449521752190201 ], [ -2.86787204052482, 53.4492901212584 ], [ -2.86800234795515, 53.449234429822397 ], [ -2.86930549186198, 53.448677491353898 ], [ -2.87358259812256, 53.446849330748996 ], [ -2.87537583109415, 53.446244833884698 ], [ -2.875996240607, 53.446817389235797 ], [ -2.87710960584104, 53.447844808564199 ], [ -2.87808389980892, 53.447389359391302 ], [ -2.87893776518489, 53.445353002646797 ], [ -2.8818191635282, 53.444110984625297 ], [ -2.88708056288543, 53.4426145446592 ], [ -2.88816729556684, 53.443306353273499 ], [ -2.89260365594896, 53.4448944039518 ], [ -2.89405659066229, 53.445255253319402 ], [ -2.89481828544131, 53.446751546929796 ], [ -2.89655577570491, 53.4476640023587 ], [ -2.89729978108545, 53.448046118265502 ], [ -2.89736029620973, 53.448996926591001 ], [ -2.8974065751298, 53.4493702671287 ], [ -2.8987088483389, 53.449166445566199 ], [ -2.89892266908963, 53.449740097433597 ], [ -2.89841447559137, 53.450065308867003 ], [ -2.89843835214981, 53.450336992491003 ], [ -2.89885762534585, 53.450276888647899 ], [ -2.89882843283607, 53.451015521594499 ], [ -2.89956218414227, 53.451399260314503 ], [ -2.90096953134323, 53.451202093079203 ], [ -2.90108429791107, 53.451557510917297 ], [ -2.90023428596162, 53.451685513756999 ], [ -2.90017795282687, 53.4522817863974 ], [ -2.90148554197077, 53.4521867911551 ], [ -2.90188696180928, 53.453196367991801 ], [ -2.90100937780098, 53.453183509909103 ], [ -2.90028270021866, 53.452690556169401 ], [ -2.89978420405458, 53.453686773179598 ], [ -2.89919120601216, 53.4525650174715 ], [ -2.89847113774765, 53.452190674130499 ], [ -2.89868470962251, 53.451268509186797 ], [ -2.89740959952812, 53.451387368096697 ], [ -2.89687337002838, 53.451357415354998 ], [ -2.89655072511399, 53.454110860138499 ], [ -2.89805762536395, 53.455258777387897 ], [ -2.89851959930668, 53.455381194652503 ], [ -2.89750187641629, 53.456917834912197 ], [ -2.89666120846059, 53.456759248947698 ], [ -2.89650030197258, 53.456985172552898 ], [ -2.89615390343628, 53.457444097866897 ], [ -2.89541346220696, 53.457426781347301 ], [ -2.89454144010649, 53.457317844113398 ], [ -2.89515749015045, 53.456869388777598 ], [ -2.89560393216229, 53.4569456202941 ], [ -2.89553594168085, 53.456704676490297 ], [ -2.89397537647563, 53.456192573608298 ], [ -2.89414497596199, 53.455987109256299 ], [ -2.89320182270693, 53.455969083823 ], [ -2.89140144866754, 53.4580210591336 ], [ -2.89123715791749, 53.458183280771202 ], [ -2.89075147670079, 53.458007677100802 ], [ -2.88815547131236, 53.460660205077602 ], [ -2.88807017545918, 53.460614799791898 ], [ -2.88571512997984, 53.459361079261299 ], [ -2.88338078635048, 53.458118258849197 ] ] ] } },
{ "type": "Feature", "properties": { "MSOA21CD": "E02001354", "MSOA21NM": "Liverpool 008" }, "geometry": { "type": "Polygon", "coordinates": [ [ [ -2.94895374369157, 53.459306608570003 ], [ -2.94530511041153, 53.455825241876902 ], [ -2.93914882716247, 53.453758021054803 ], [ -2.93552399549647, 53.454339100952197 ], [ -2.93488027266807, 53.454551899691801 ], [ -2.93486324203365, 53.454555066635798 ], [ -2.93469042592855, 53.454352767768299 ], [ -2.93416076947078, 53.454412181011698 ], [ -2.93429960824433, 53.453999575754601 ], [ -2.93359648812508, 53.453811200289898 ], [ -2.93295091365823, 53.452929564700597 ], [ -2.93341436646223, 53.452838709370702 ], [ -2.93296607515163, 53.451785043953997 ], [ -2.9322378656325, 53.451960920477802 ], [ -2.93198390708344, 53.451689421538703 ], [ -2.93559658902893, 53.450603376489397 ], [ -2.93616079559284, 53.450424872580598 ], [ -2.93600628977541, 53.450246318650997 ], [ -2.93586076090199, 53.4499992825383 ], [ -2.93469803727973, 53.449654219927602 ], [ -2.93295716771078, 53.447626810041498 ], [ -2.93314855911466, 53.446960856886399 ], [ -2.93279738878022, 53.446738883550204 ], [ -2.9334062512715, 53.446543487521801 ], [ -2.93379377671372, 53.446947060042199 ], [ -2.93514635112862, 53.445892870996502 ], [ -2.93574198111265, 53.446127664099002 ], [ -2.93627972389466, 53.445858968664801 ], [ -2.93614924693315, 53.445592606072601 ], [ -2.9353223339513, 53.445630355128102 ], [ -2.93523569935214, 53.445326579095799 ], [ -2.93615298972708, 53.4452744506359 ], [ -2.93581560269732, 53.445043946783798 ], [ -2.93670171042968, 53.444209488851598 ], [ -2.93849125557462, 53.445524126322503 ], [ -2.93956352337609, 53.445813356276702 ], [ -2.93975409984765, 53.445422262209398 ], [ -2.9386499908758, 53.4446903685892 ], [ -2.93955357783405, 53.444283845253302 ], [ -2.93882221414236, 53.442827987221698 ], [ -2.93836971558044, 53.441598092864901 ], [ -2.93818965071831, 53.4409592810389 ], [ -2.93817041234902, 53.440890992486601 ], [ -2.93815788842151, 53.440802193004103 ], [ -2.94085424886502, 53.4399881398964 ], [ -2.9409559565211, 53.439940417898299 ], [ -2.94160318777958, 53.440343344366902 ], [ -2.94114173441158, 53.440635809341899 ], [ -2.94206321661938, 53.4408523270233 ], [ -2.94273964971732, 53.441220055635803 ], [ -2.94347317042423, 53.441050176017598 ], [ -2.94376514091116, 53.441972910739103 ], [ -2.94501199709225, 53.441825112782297 ], [ -2.94547564519541, 53.441413657712999 ], [ -2.94499844011612, 53.4413164436912 ], [ -2.94512830566754, 53.441096659075598 ], [ -2.94582584796594, 53.440829765315797 ], [ -2.9464872434811, 53.440965747232397 ], [ -2.9463521680107, 53.441310535055202 ], [ -2.94931168517766, 53.4419120508487 ], [ -2.95051440094585, 53.441790184518801 ], [ -2.95073962834578, 53.442444669634703 ], [ -2.95032176002147, 53.445736972197601 ], [ -2.95032148304455, 53.445971551369503 ], [ -2.9453029456503, 53.447556286341097 ], [ -2.94261882889445, 53.448256220221197 ], [ -2.94226559647896, 53.448389549084602 ], [ -2.94368509634087, 53.449235231524497 ], [ -2.94388900861207, 53.449327659730997 ], [ -2.94560271823637, 53.450043211944397 ], [ -2.94902067360282, 53.450496507624102 ], [ -2.9507510334155, 53.450638585923997 ], [ -2.95319730882861, 53.4506905804026 ], [ -2.95414929398056, 53.450654370255698 ], [ -2.95674017931328, 53.4523838880338 ], [ -2.95662112154413, 53.452448130877698 ], [ -2.95500278415438, 53.453735757194899 ], [ -2.9543287362386, 53.4548474367936 ], [ -2.95375480377639, 53.454878095595298 ], [ -2.95334124797922, 53.4545000951288 ], [ -2.95344683814341, 53.453769055207403 ], [ -2.95266421188513, 53.453746875541398 ], [ -2.95323378615046, 53.455183543801603 ], [ -2.9532070798128, 53.455354439724303 ], [ -2.95317787950936, 53.455541286205097 ], [ -2.9531619785112, 53.455643036612798 ], [ -2.95226397385403, 53.455628623713501 ], [ -2.95345729172225, 53.456912761543698 ], [ -2.95421115428232, 53.456725774435697 ], [ -2.95410852229139, 53.4569954640058 ], [ -2.95240913048355, 53.458274773251802 ], [ -2.94895374369157, 53.459306608570003 ] ] ] } },
{ "type": "Feature", "properties": { "MSOA21CD": "E02001355", "MSOA21NM": "Liverpool 009" }, "geometry": { "type": "Polygon", "coordinates": [ [ [ -2.9453029456503, 53.447556286341097 ], [ -2.95032148304455, 53.445971551369503 ], [ -2.95032176002147, 53.445736972197601 ], [ -2.95073962834578, 53.442444669634703 ], [ -2.95051440094585, 53.441790184518801 ], [ -2.94931168517766, 53.4419120508487 ], [ -2.9463521680107, 53.441310535055202 ], [ -2.9464872434811, 53.440965747232397 ], [ -2.94582584796594, 53.440829765315797 ], [ -2.94586980429773, 53.440765867379703 ], [ -2.94602084753713, 53.440523118793401 ], [ -2.9466666234339, 53.440437050548397 ], [ -2.94633332578945, 53.440026518565602 ], [ -2.94739787284771, 53.4397130942397 ], [ -2.94961077511288, 53.4401967569829 ], [ -2.95077710942036, 53.439702267673603 ], [ -2.95167224955057, 53.440013969977997 ], [ -2.9552735711173, 53.441266505338 ], [ -2.95883981198301, 53.442393901367197 ], [ -2.96068387696539, 53.442769633798797 ], [ -2.9607785664498, 53.442780163806702 ], [ -2.96192214924096, 53.442916539116801 ], [ -2.96442036106067, 53.443158757180498 ], [ -2.96517839045269, 53.443181767057503 ], [ -2.96602732043228, 53.443176621559203 ], [ -2.96663827200963, 53.443179963160901 ], [ -2.96784940002558, 53.443100560541303 ], [ -2.96893673113318, 53.4427654115498 ], [ -2.9683133440917, 53.442176898335802 ], [ -2.9699340391468, 53.442520627775401 ], [ -2.9702990598736, 53.443138772901897 ], [ -2.97064780070341, 53.443102528745698 ], [ -2.97049013622544, 53.443390344020997 ], [ -2.97048236464917, 53.4433999333719 ], [ -2.97108870122982, 53.444255133640297 ], [ -2.97021781304929, 53.443903264663398 ], [ -2.97108023131185, 53.445380109899702 ], [ -2.97146390896429, 53.444899996688598 ], [ -2.97182314138193, 53.445493523785501 ], [ -2.97224630067031, 53.445417600330501 ], [ -2.97276174679265, 53.446231365957203 ], [ -2.97384254441943, 53.446087739011098 ], [ -2.97366216052536, 53.445442023616003 ], [ -2.97613533827286, 53.445018778486599 ], [ -2.97626332287089, 53.445285101359197 ], [ -2.97489554939067, 53.446641788578802 ], [ -2.97483038237329, 53.4474071545322 ], [ -2.97339443035151, 53.447390966761603 ], [ -2.9733767571967, 53.447447137250201 ], [ -2.97292303230421, 53.447420388539001 ], [ -2.97024705538127, 53.4473391861994 ], [ -2.97001224385043, 53.447335376200101 ], [ -2.96780817901193, 53.447535704215198 ], [ -2.9670157133315, 53.447601042320699 ], [ -2.96603544143573, 53.447679533404298 ], [ -2.96596666264439, 53.447719811417699 ], [ -2.96358452761455, 53.448686527078301 ], [ -2.95892633227111, 53.449977099292703 ], [ -2.95414929398056, 53.450654370255698 ], [ -2.95319730882861, 53.4506905804026 ], [ -2.9507510334155, 53.450638585923997 ], [ -2.94902067360282, 53.450496507624102 ], [ -2.94560271823637, 53.450043211944397 ], [ -2.94388900861207, 53.449327659730997 ], [ -2.94368509634087, 53.449235231524497 ], [ -2.94226559647896, 53.448389549084602 ], [ -2.94261882889445, 53.448256220221197 ], [ -2.9453029456503, 53.447556286341097 ] ] ] } },
{ "type": "Feature", "properties": { "MSOA21CD": "E02001356", "MSOA21NM": "Liverpool 010" }, "geometry": { "type": "Polygon", "coordinates": [ [ [ -2.90581112992089, 53.448736261387701 ], [ -2.90462253657119, 53.447894127933203 ], [ -2.9025522217717, 53.448835161335701 ], [ -2.90173314496906, 53.448688331321001 ], [ -2.90153710338777, 53.448424041912403 ], [ -2.90266778821609, 53.447708675601099 ], [ -2.90474464302186, 53.446394609551199 ], [ -2.90764556873913, 53.444558919826399 ], [ -2.9069883346781, 53.443803359227999 ], [ -2.90561764699196, 53.444240509529699 ], [ -2.90578589806134, 53.4445446655265 ], [ -2.90539471550247, 53.444648586227501 ], [ -2.90370324992825, 53.443428468922903 ], [ -2.90546864154323, 53.442459999401002 ], [ -2.90658945192408, 53.442076054691903 ], [ -2.90784456853548, 53.441405567482398 ], [ -2.90969882630273, 53.440460315362998 ], [ -2.91137820026576, 53.439597762828399 ], [ -2.91355990113261, 53.438448663839097 ], [ -2.91360838958484, 53.438480248284101 ], [ -2.91428205432798, 53.438547718402603 ], [ -2.91496792905364, 53.438218400443198 ], [ -2.91504023504493, 53.437732437470501 ], [ -2.91742896341501, 53.439262474983501 ], [ -2.919385758149, 53.439948554833499 ], [ -2.91990229020036, 53.439468176980498 ], [ -2.9215245737146, 53.439302866475003 ], [ -2.92069702186718, 53.438626105118303 ], [ -2.92013417525163, 53.438634036739899 ], [ -2.92115397622078, 53.4385177924744 ], [ -2.92116147926945, 53.438523649194202 ], [ -2.92224161866151, 53.438709589121402 ], [ -2.92203610675728, 53.439204394482203 ], [ -2.9231384403532, 53.439367323351398 ], [ -2.92437771205138, 53.4404042857146 ], [ -2.9244580187948, 53.440592552683199 ], [ -2.92820854037952, 53.440680323203701 ], [ -2.92893163109953, 53.440701677664997 ], [ -2.92958338138074, 53.4418263853659 ], [ -2.93015689593991, 53.441760456432803 ], [ -2.93151719663501, 53.442340159321397 ], [ -2.92802917873908, 53.443450907320901 ], [ -2.92316252917476, 53.4450086405649 ], [ -2.92191366979011, 53.445437542382898 ], [ -2.91665984907852, 53.447743781490402 ], [ -2.91621715317165, 53.447939767525902 ], [ -2.91612724032708, 53.447979386756302 ], [ -2.91356276665067, 53.449001571053401 ], [ -2.91314878367327, 53.4492230943859 ], [ -2.91299158448662, 53.449264891191703 ], [ -2.91244767848331, 53.449571011113498 ], [ -2.91209989498189, 53.449059470668999 ], [ -2.90954067180517, 53.448693600498203 ], [ -2.91040833537772, 53.448188085507802 ], [ -2.91011772177514, 53.447848811130498 ], [ -2.90671611065087, 53.449652614971903 ], [ -2.90581112992089, 53.448736261387701 ] ] ] } },
{ "type": "Feature", "properties": { "MSOA21CD": "E02001357", "MSOA21NM": "Liverpool 011" }, "geometry": { "type": "Polygon", "coordinates": [ [ [ -2.92308538760224, 53.447978345702701 ], [ -2.92245087179546, 53.447834305403802 ], [ -2.92107696897819, 53.448131949834803 ], [ -2.92018278688493, 53.447824436564098 ], [ -2.91985562484409, 53.447947880352103 ], [ -2.91867022925363, 53.447355258117 ], [ -2.91734015627828, 53.448022448596603 ], [ -2.91656551960224, 53.448252277896302 ], [ -2.91621715317165, 53.447939767525902 ], [ -2.91665984907852, 53.447743781490402 ], [ -2.92191366979011, 53.445437542382898 ], [ -2.92316252917476, 53.4450086405649 ], [ -2.92802917873908, 53.443450907320901 ], [ -2.93151719663501, 53.442340159321397 ], [ -2.93015689593991, 53.441760456432803 ], [ -2.92958338138074, 53.4418263853659 ], [ -2.92893163109953, 53.440701677664997 ], [ -2.92820854037952, 53.440680323203701 ], [ -2.9244580187948, 53.440592552683199 ], [ -2.92437771205138, 53.4404042857146 ], [ -2.9231384403532, 53.439367323351398 ], [ -2.92203610675728, 53.439204394482203 ], [ -2.92224161866151, 53.438709589121402 ], [ -2.92116147926945, 53.438523649194202 ], [ -2.92171293736843, 53.4382677123536 ], [ -2.92334217976827, 53.438425917484402 ], [ -2.92359207714505, 53.437453143457098 ], [ -2.92411945425918, 53.437221897837397 ], [ -2.924132885843, 53.437212499636701 ], [ -2.92502609817178, 53.4377959032117 ], [ -2.92537393896366, 53.4374248934162 ], [ -2.9259487725977, 53.437783664007803 ], [ -2.92613593274002, 53.437130506274301 ], [ -2.92664078840338, 53.436696222418902 ], [ -2.9286686897075, 53.4368922875355 ], [ -2.93045295254397, 53.436642228750102 ], [ -2.93079849617954, 53.437165051419797 ], [ -2.9314468970009, 53.437032997446899 ], [ -2.93132490694931, 53.436590294348697 ], [ -2.93199987714992, 53.436484196458998 ], [ -2.93295820414652, 53.436895050255004 ], [ -2.93303011250334, 53.436741681376603 ], [ -2.93434841660566, 53.435077465145604 ], [ -2.93479216531801, 53.435406574822402 ], [ -2.93675438975565, 53.4352339717611 ], [ -2.9367853875916, 53.435883252411998 ], [ -2.93747377130631, 53.436490597097503 ], [ -2.93749252779876, 53.4364961477958 ], [ -2.93788597027436, 53.438986587369399 ], [ -2.93815788842151, 53.440802193004103 ], [ -2.93817041234902, 53.440890992486601 ], [ -2.93818965071831, 53.4409592810389 ], [ -2.93836971558044, 53.441598092864901 ], [ -2.93882221414236, 53.442827987221698 ], [ -2.93955357783405, 53.444283845253302 ], [ -2.9386499908758, 53.4446903685892 ], [ -2.93975409984765, 53.445422262209398 ], [ -2.93956352337609, 53.445813356276702 ], [ -2.93849125557462, 53.445524126322503 ], [ -2.93670171042968, 53.444209488851598 ], [ -2.93581560269732, 53.445043946783798 ], [ -2.93615298972708, 53.4452744506359 ], [ -2.93523569935214, 53.445326579095799 ], [ -2.9353223339513, 53.445630355128102 ], [ -2.93614924693315, 53.445592606072601 ], [ -2.93627972389466, 53.445858968664801 ], [ -2.93574198111265, 53.446127664099002 ], [ -2.93514635112862, 53.445892870996502 ], [ -2.93379377671372, 53.446947060042199 ], [ -2.9334062512715, 53.446543487521801 ], [ -2.93279738878022, 53.446738883550204 ], [ -2.93314855911466, 53.446960856886399 ], [ -2.93295716771078, 53.447626810041498 ], [ -2.93207647781367, 53.447748721540997 ], [ -2.93222342099522, 53.448142221100198 ], [ -2.93145117360749, 53.448199273558103 ], [ -2.9312329292416, 53.447876835793501 ], [ -2.93058886415095, 53.448039848163901 ], [ -2.93042520423114, 53.447698423952502 ], [ -2.92961321969699, 53.447988470100398 ], [ -2.92878662978997, 53.447795076002102 ], [ -2.92858252059487, 53.448168097558501 ], [ -2.92748423071753, 53.447400227288199 ], [ -2.9253058038387, 53.447171035490797 ], [ -2.92615648093966, 53.448084919225501 ], [ -2.924034106563, 53.448811457341698 ], [ -2.92285157349403, 53.448291527554098 ], [ -2.92308538760224, 53.447978345702701 ] ] ] } },
{ "type": "Feature", "properties": { "MSOA21CD": "E02001358", "MSOA21NM": "Liverpool 012" }, "geometry": { "type": "Polygon", "coordinates": [ [ [ -2.97276174679265, 53.446231365957203 ], [ -2.97224630067031, 53.445417600330501 ], [ -2.97182314138193, 53.445493523785501 ], [ -2.97146390896429, 53.444899996688598 ], [ -2.97108023131185, 53.445380109899702 ], [ -2.97021781304929, 53.443903264663398 ], [ -2.97108870122982, 53.444255133640297 ], [ -2.97048236464917, 53.4433999333719 ], [ -2.97049013622544, 53.443390344020997 ], [ -2.97064780070341, 53.443102528745698 ], [ -2.9702990598736, 53.443138772901897 ], [ -2.9699340391468, 53.442520627775401 ], [ -2.9683133440917, 53.442176898335802 ], [ -2.96893673113318, 53.4427654115498 ], [ -2.96784940002558, 53.443100560541303 ], [ -2.96663827200963, 53.443179963160901 ], [ -2.96602732043228, 53.443176621559203 ], [ -2.96517839045269, 53.443181767057503 ], [ -2.96442036106067, 53.443158757180498 ], [ -2.96192214924096, 53.442916539116801 ], [ -2.9607785664498, 53.442780163806702 ], [ -2.96068387696539, 53.442769633798797 ], [ -2.9619693355927, 53.441227887746997 ], [ -2.96210359876545, 53.440830064195502 ], [ -2.96261325046423, 53.439071853452802 ], [ -2.96359485685987, 53.437873073276798 ], [ -2.96745891943576, 53.437155417481499 ], [ -2.96766617910044, 53.437707684311803 ], [ -2.9680097514582, 53.438054964773698 ], [ -2.97074650193667, 53.438421731402897 ], [ -2.97137544974146, 53.438276251060202 ], [ -2.96930370126784, 53.4380103641072 ], [ -2.97030020801912, 53.437669265133401 ], [ -2.97041222942991, 53.437082005021601 ], [ -2.97059228379728, 53.436262589366997 ], [ -2.97118810612842, 53.436300379756403 ], [ -2.97119285475057, 53.436775519242801 ], [ -2.9716324616534, 53.436812671875401 ], [ -2.97197389747826, 53.436318230636203 ], [ -2.97241522374413, 53.436328660984003 ], [ -2.97256662367252, 53.435707208626802 ], [ -2.97309378987152, 53.4357208925056 ], [ -2.97355631063527, 53.436587372804901 ], [ -2.97297964909149, 53.436909030711597 ], [ -2.97412860431953, 53.437528173448399 ], [ -2.97407741762531, 53.437579997196899 ], [ -2.97282654299609, 53.439239705441103 ], [ -2.97230230211284, 53.439316530474798 ], [ -2.97269455687361, 53.439801890053602 ], [ -2.97392098304503, 53.439758575884703 ], [ -2.97468789667385, 53.440791538605197 ], [ -2.97535927209348, 53.441637502847001 ], [ -2.97563921184998, 53.442528468244099 ], [ -2.97652074688967, 53.442515215732598 ], [ -2.97695364710264, 53.4429418212938 ], [ -2.97568754566978, 53.443183412439701 ], [ -2.97496971916846, 53.443342377748102 ], [ -2.9753690159479, 53.443926621108098 ], [ -2.97581429764788, 53.444533279258401 ], [ -2.9759849515326, 53.444747716293001 ], [ -2.97613533827286, 53.445018778486599 ], [ -2.97366216052536, 53.445442023616003 ], [ -2.97384254441943, 53.446087739011098 ], [ -2.97276174679265, 53.446231365957203 ] ] ] } },
{ "type": "Feature", "properties": { "MSOA21CD": "E02001359", "MSOA21NM": "Liverpool 013" }, "geometry": { "type": "Polygon", "coordinates": [ [ [ -2.86836642832933, 53.446526874533298 ], [ -2.86827443758533, 53.4447376718173 ], [ -2.8699893594931, 53.443652994683703 ], [ -2.87026370822764, 53.443157948482003 ], [ -2.87063343685445, 53.442490774423099 ], [ -2.87012295795838, 53.441695256382197 ], [ -2.87057164767852, 53.439118824542803 ], [ -2.87076548803767, 53.438331727336802 ], [ -2.87244700308126, 53.4369969784712 ], [ -2.87326036291507, 53.436410268457202 ], [ -2.87351628006416, 53.436198042897203 ], [ -2.87497823208718, 53.437040214903 ], [ -2.87538787380718, 53.436809934538097 ], [ -2.8792887709908, 53.438846704797299 ], [ -2.87932767096752, 53.438866418898499 ], [ -2.88147145717623, 53.437824184463103 ], [ -2.88166000690198, 53.437758137889602 ], [ -2.88568178232662, 53.436370390236199 ], [ -2.88598280313435, 53.4362170861179 ], [ -2.88713243818155, 53.4357320420565 ], [ -2.89026728350002, 53.434831553763502 ], [ -2.89047731464162, 53.434770799240603 ], [ -2.8921272604663, 53.434312607474602 ], [ -2.89273789301651, 53.434151154373801 ], [ -2.89725106142752, 53.431439130145499 ], [ -2.89846661572152, 53.430311354695299 ], [ -2.89886137684942, 53.4299513074129 ], [ -2.89896713060263, 53.430081309466303 ], [ -2.90051748427309, 53.429419892333101 ], [ -2.90057673951707, 53.429872729562703 ], [ -2.9018077795748, 53.430194923599799 ], [ -2.90218223298919, 53.430044943367001 ], [ -2.9032710863725, 53.430802341182201 ], [ -2.90412944228518, 53.430238484647802 ], [ -2.90488518056508, 53.430454587177898 ], [ -2.90084213775786, 53.432253831519802 ], [ -2.90347032843238, 53.434410431810797 ], [ -2.9053579129244, 53.434553851769302 ], [ -2.90807832059885, 53.433271128059801 ], [ -2.90771069859185, 53.433117540016099 ], [ -2.9087193368534, 53.432302528913802 ], [ -2.90941341606455, 53.4326001158366 ], [ -2.90899815941766, 53.433169883587098 ], [ -2.90998353624027, 53.433151378971203 ], [ -2.91014020141312, 53.4328013304048 ], [ -2.91096207158778, 53.433021304068099 ], [ -2.91031984697848, 53.433637676747999 ], [ -2.90916104340741, 53.433621646389298 ], [ -2.90858338887172, 53.433909802768497 ], [ -2.90962097538186, 53.434567084359401 ], [ -2.90938030465179, 53.434905103588797 ], [ -2.90901638501912, 53.435155951436698 ], [ -2.90823696431838, 53.434719967560603 ], [ -2.90788808456445, 53.434977520357002 ], [ -2.90955512104149, 53.435919585499398 ], [ -2.90814601194847, 53.436882952369501 ], [ -2.90699750943851, 53.437532380855799 ], [ -2.90852822039776, 53.4390877529286 ], [ -2.90806021486959, 53.439306535717201 ], [ -2.90884007296243, 53.440583368858199 ], [ -2.90741371004418, 53.4406732882562 ], [ -2.90784456853548, 53.441405567482398 ], [ -2.90658945192408, 53.442076054691903 ], [ -2.90546864154323, 53.442459999401002 ], [ -2.90370324992825, 53.443428468922903 ], [ -2.90084824467647, 53.444850463846102 ], [ -2.90036702075276, 53.445154634166698 ], [ -2.89919223276842, 53.445995072787099 ], [ -2.89935587261328, 53.446227072298399 ], [ -2.89957347128934, 53.446418499577298 ], [ -2.89798034456463, 53.446754836042103 ], [ -2.89655577570491, 53.4476640023587 ], [ -2.89481828544131, 53.446751546929796 ], [ -2.89405659066229, 53.445255253319402 ], [ -2.89260365594896, 53.4448944039518 ], [ -2.88816729556684, 53.443306353273499 ], [ -2.88708056288543, 53.4426145446592 ], [ -2.8818191635282, 53.444110984625297 ], [ -2.87893776518489, 53.445353002646797 ], [ -2.87808389980892, 53.447389359391302 ], [ -2.87710960584104, 53.447844808564199 ], [ -2.875996240607, 53.446817389235797 ], [ -2.87537583109415, 53.446244833884698 ], [ -2.87358259812256, 53.446849330748996 ], [ -2.86930549186198, 53.448677491353898 ], [ -2.86800234795515, 53.449234429822397 ], [ -2.86787204052482, 53.4492901212584 ], [ -2.86759943330723, 53.448623282207102 ], [ -2.86836642832933, 53.446526874533298 ] ] ] } },
{ "type": "Feature", "properties": { "MSOA21CD": "E02001360", "MSOA21NM": "Liverpool 014" }, "geometry": { "type": "Polygon", "coordinates": [ [ [ -2.97908670900086, 53.443333936464299 ], [ -2.97760810636397, 53.442846499197799 ], [ -2.97695364710264, 53.4429418212938 ], [ -2.97652074688967, 53.442515215732598 ], [ -2.97563921184998, 53.442528468244099 ], [ -2.97535927209348, 53.441637502847001 ], [ -2.97468789667385, 53.440791538605197 ], [ -2.97392098304503, 53.439758575884703 ], [ -2.97269455687361, 53.439801890053602 ], [ -2.97230230211284, 53.439316530474798 ], [ -2.97282654299609, 53.439239705441103 ], [ -2.97407741762531, 53.437579997196899 ], [ -2.97412860431953, 53.437528173448399 ], [ -2.97297964909149, 53.436909030711597 ], [ -2.97355631063527, 53.436587372804901 ], [ -2.97309378987152, 53.4357208925056 ], [ -2.97256662367252, 53.435707208626802 ], [ -2.97241522374413, 53.436328660984003 ], [ -2.97197389747826, 53.436318230636203 ], [ -2.9716324616534, 53.436812671875401 ], [ -2.97119285475057, 53.436775519242801 ], [ -2.97118810612842, 53.436300379756403 ], [ -2.97059228379728, 53.436262589366997 ], [ -2.97041222942991, 53.437082005021601 ], [ -2.97030020801912, 53.437669265133401 ], [ -2.96930370126784, 53.4380103641072 ], [ -2.97137544974146, 53.438276251060202 ], [ -2.97074650193667, 53.438421731402897 ], [ -2.9680097514582, 53.438054964773698 ], [ -2.96766617910044, 53.437707684311803 ], [ -2.96745891943576, 53.437155417481499 ], [ -2.96747587149309, 53.4371183726293 ], [ -2.96803943141593, 53.435723786950398 ], [ -2.96901884618619, 53.433267802312699 ], [ -2.96979816755909, 53.432411254689598 ], [ -2.97024223329602, 53.432067161938001 ], [ -2.97123461771401, 53.431356435742899 ], [ -2.97131089364589, 53.431309343916297 ], [ -2.97165609003792, 53.431245637809702 ], [ -2.9760373399676, 53.430447269509997 ], [ -2.97612748147771, 53.430815276364903 ], [ -2.97695720457404, 53.430898379588697 ], [ -2.97497089513716, 53.431538776304599 ], [ -2.9752690556423, 53.4323367947637 ], [ -2.97690767786601, 53.432551968494103 ], [ -2.97719922107966, 53.432262673329198 ], [ -2.97840497701687, 53.432333709802897 ], [ -2.97827862625325, 53.433386422599398 ], [ -2.97902714023522, 53.433339283234297 ], [ -2.97909027210144, 53.4333348376895 ], [ -2.9797963338332, 53.433275106736801 ], [ -2.97978236531225, 53.432780842795701 ], [ -2.98040302010885, 53.4327757499751 ], [ -2.98062280276913, 53.433214392113001 ], [ -2.98100111997787, 53.433183573376397 ], [ -2.9808173205082, 53.433555408282402 ], [ -2.98145767515895, 53.4335297438965 ], [ -2.9813589739398, 53.433154413694403 ], [ -2.98270704567885, 53.433051645379102 ], [ -2.98365196856867, 53.432708058386197 ], [ -2.98376728543472, 53.4329429542518 ], [ -2.98482836665756, 53.432902875952401 ], [ -2.98484859578746, 53.432901549675201 ], [ -2.98448561229899, 53.4321774362814 ], [ -2.98411581761607, 53.431459023268097 ], [ -2.98281833887473, 53.428504646801997 ], [ -2.9828156911532, 53.4284498734186 ], [ -2.98292744816377, 53.428719073447603 ], [ -2.98466965233366, 53.428560903728403 ], [ -2.98462002464741, 53.428021217196303 ], [ -2.98474019199436, 53.4278163177609 ], [ -2.98776739144565, 53.427798259905799 ], [ -2.98785755245067, 53.427428626665403 ], [ -2.9866219292922, 53.427457434058503 ], [ -2.98648359727135, 53.4269219321056 ], [ -2.987998830977, 53.426928926404997 ], [ -2.98830277719312, 53.425762661539501 ], [ -2.98859692720738, 53.424303822053503 ], [ -2.99134968180056, 53.424012474765902 ], [ -2.99172516469166, 53.424547513304901 ], [ -2.99173290721866, 53.425031006216301 ], [ -2.99119290807174, 53.4250409974251 ], [ -2.99153312235374, 53.425530729339201 ], [ -2.99298997942615, 53.424132128863697 ], [ -2.99388893287185, 53.4244071246464 ], [ -2.99391169385536, 53.4253832722518 ], [ -2.99670819815158, 53.425270088504597 ], [ -2.99666301927216, 53.423337889664097 ], [ -2.99664137729007, 53.422412231383397 ], [ -3.00031240640965, 53.422381551284097 ], [ -3.00038812317259, 53.423684291987797 ], [ -2.99797933464653, 53.428783056449802 ], [ -2.99704050498212, 53.428539210370197 ], [ -2.99761251359157, 53.427258037420302 ], [ -2.99675443344984, 53.427247221623603 ], [ -2.9945461512035, 53.430645381269599 ], [ -2.99258528745731, 53.430463926275202 ], [ -2.99234298059479, 53.434924339122603 ], [ -2.99325587438124, 53.436633606176002 ], [ -2.99502381365131, 53.436277326235903 ], [ -2.99480478170954, 53.4358936108096 ], [ -2.9981611931886, 53.435262400856999 ], [ -2.99904624561482, 53.4376999334361 ], [ -2.99595507650812, 53.438121241393802 ], [ -2.9966973484975, 53.439607177381198 ], [ -2.99956117898817, 53.439115842926803 ], [ -3.00009631050343, 53.4404007053922 ], [ -2.99472083572377, 53.441438969421803 ], [ -2.99396569362436, 53.4415723353328 ], [ -2.99269443969121, 53.4403183007271 ], [ -2.99166247391662, 53.440734947251997 ], [ -2.99075935442866, 53.4402963834589 ], [ -2.99049933248184, 53.440594824569096 ], [ -2.98787690220003, 53.441084358943897 ], [ -2.98786091756468, 53.441087106799301 ], [ -2.98518418216236, 53.441550114976899 ], [ -2.98477353057819, 53.441631174767799 ], [ -2.98106244277478, 53.442321440228397 ], [ -2.97984593036886, 53.442525676355999 ], [ -2.97931053749538, 53.443104419702003 ], [ -2.97908670900086, 53.443333936464299 ] ] ] } },
{ "type": "Feature", "properties": { "MSOA21CD": "E02001361", "MSOA21NM": "Liverpool 015" }, "geometry": { "type": "Polygon", "coordinates": [ [ [ -2.95167224955057, 53.440013969977997 ], [ -2.95077710942036, 53.439702267673603 ], [ -2.94961077511288, 53.4401967569829 ], [ -2.94739787284771, 53.4397130942397 ], [ -2.94633332578945, 53.440026518565602 ], [ -2.9466666234339, 53.440437050548397 ], [ -2.94602084753713, 53.440523118793401 ], [ -2.94586980429773, 53.440765867379703 ], [ -2.94582584796594, 53.440829765315797 ], [ -2.94512830566754, 53.441096659075598 ], [ -2.94499844011612, 53.4413164436912 ], [ -2.94547564519541, 53.441413657712999 ], [ -2.94501199709225, 53.441825112782297 ], [ -2.94376514091116, 53.441972910739103 ], [ -2.94347317042423, 53.441050176017598 ], [ -2.94273964971732, 53.441220055635803 ], [ -2.94206321661938, 53.4408523270233 ], [ -2.94114173441158, 53.440635809341899 ], [ -2.94160318777958, 53.440343344366902 ], [ -2.9409559565211, 53.439940417898299 ], [ -2.94085424886502, 53.4399881398964 ], [ -2.93815788842151, 53.440802193004103 ], [ -2.93788597027436, 53.438986587369399 ], [ -2.93749252779876, 53.4364961477958 ], [ -2.93951310007861, 53.436989573725 ], [ -2.94236966717439, 53.437653998722801 ], [ -2.94263213342161, 53.437422666286302 ], [ -2.94364333545012, 53.436524702735397 ], [ -2.94202934221877, 53.435252487537902 ], [ -2.94022801445524, 53.432969269226 ], [ -2.9399500476852, 53.432514913091502 ], [ -2.93785227171402, 53.428795966815599 ], [ -2.9375883961294, 53.428307028957697 ], [ -2.93807653153005, 53.4276796939603 ], [ -2.93882217196485, 53.427546376601398 ], [ -2.9395673333795, 53.427850314792003 ], [ -2.94063961339261, 53.428324292287598 ], [ -2.94088110590242, 53.427578906758498 ], [ -2.94337021307054, 53.429874004976398 ], [ -2.94406481503263, 53.430302222564002 ], [ -2.94452602972758, 53.430413182584502 ], [ -2.94544581685278, 53.430071966983299 ], [ -2.94670458244295, 53.430917281174104 ], [ -2.94709873948696, 53.430585188359203 ], [ -2.94760250265929, 53.430685444006002 ], [ -2.94764909341142, 53.430730449324699 ], [ -2.95014919542682, 53.429022837008901 ], [ -2.95029221564597, 53.429135990563097 ], [ -2.95113068381809, 53.4296147156996 ], [ -2.95116301757052, 53.429646619767801 ], [ -2.94934592785145, 53.430572725262401 ], [ -2.94950766156342, 53.430719061017001 ], [ -2.95047998860141, 53.431844290804797 ], [ -2.95080913232966, 53.431945290977097 ], [ -2.95262403763004, 53.433117206195597 ], [ -2.95285787914905, 53.433251454705498 ], [ -2.95384548708957, 53.4326048504143 ], [ -2.95430723076251, 53.432934426429703 ], [ -2.95460221495283, 53.432742048427599 ], [ -2.95593234130923, 53.433719172111097 ], [ -2.95626032657286, 53.433519797871 ], [ -2.95726207164205, 53.433889289266901 ], [ -2.95770542871036, 53.434564650409499 ], [ -2.95939322110041, 53.435615994775603 ], [ -2.95915828436644, 53.435878553395703 ], [ -2.96063234693557, 53.436495915001899 ], [ -2.96026378042532, 53.436840448546697 ], [ -2.96175963766526, 53.437754247574901 ], [ -2.96359485685987, 53.437873073276798 ], [ -2.96261325046423, 53.439071853452802 ], [ -2.96210359876545, 53.440830064195502 ], [ -2.9619693355927, 53.441227887746997 ], [ -2.96068387696539, 53.442769633798797 ], [ -2.95883981198301, 53.442393901367197 ], [ -2.9552735711173, 53.441266505338 ], [ -2.95167224955057, 53.440013969977997 ] ] ] } },
{ "type": "Feature", "properties": { "MSOA21CD": "E02001362", "MSOA21NM": "Liverpool 016" }, "geometry": { "type": "Polygon", "coordinates": [ [ [ -2.90852822039776, 53.4390877529286 ], [ -2.90699750943851, 53.437532380855799 ], [ -2.90814601194847, 53.436882952369501 ], [ -2.90955512104149, 53.435919585499398 ], [ -2.90788808456445, 53.434977520357002 ], [ -2.90823696431838, 53.434719967560603 ], [ -2.90901638501912, 53.435155951436698 ], [ -2.90938030465179, 53.434905103588797 ], [ -2.90962097538186, 53.434567084359401 ], [ -2.90858338887172, 53.433909802768497 ], [ -2.90916104340741, 53.433621646389298 ], [ -2.91031984697848, 53.433637676747999 ], [ -2.91096207158778, 53.433021304068099 ], [ -2.91310334484386, 53.434109086207101 ], [ -2.9130549985566, 53.4334973296519 ], [ -2.91358847086744, 53.433666955121801 ], [ -2.91427375868555, 53.433237221806898 ], [ -2.9151844697508, 53.433589800188997 ], [ -2.9165791005431, 53.433079755163099 ], [ -2.91474456012469, 53.432240356942003 ], [ -2.91602074497766, 53.431198322126598 ], [ -2.91671614279077, 53.431550758239901 ], [ -2.91836327046589, 53.430315348929 ], [ -2.91868864535083, 53.430499748610501 ], [ -2.91999276094315, 53.4297146850475 ], [ -2.92074544743606, 53.4299450437261 ], [ -2.9208415004044, 53.429493605051398 ], [ -2.91993529246185, 53.428754403077001 ], [ -2.92022008935579, 53.428594637292399 ], [ -2.92155331489596, 53.429495921922602 ], [ -2.92180621857452, 53.429359130947503 ], [ -2.92088876231601, 53.428692050594996 ], [ -2.9182131549769, 53.427103658919798 ], [ -2.92410065630382, 53.426893237635298 ], [ -2.92414832064351, 53.426896779353299 ], [ -2.9259872134178, 53.427354633574602 ], [ -2.927204935466, 53.428246905064697 ], [ -2.92749652014998, 53.428494486193102 ], [ -2.92774831908926, 53.428708388738301 ], [ -2.92932328319729, 53.430207840721401 ], [ -2.93101925348895, 53.431768645219201 ], [ -2.93063326109153, 53.431762653653898 ], [ -2.93042361710397, 53.432501363541803 ], [ -2.92943376126749, 53.432376283786603 ], [ -2.9292171517961, 53.432723495987503 ], [ -2.92956428818124, 53.433128274667702 ], [ -2.93109737361776, 53.433477112206297 ], [ -2.93148913411938, 53.434096067638897 ], [ -2.93030412102969, 53.434525600643397 ], [ -2.93046033839588, 53.435029620138202 ], [ -2.92978833543301, 53.4349369371904 ], [ -2.92945907563733, 53.435205482853902 ], [ -2.93303011250334, 53.436741681376603 ], [ -2.93295820414652, 53.436895050255004 ], [ -2.93199987714992, 53.436484196458998 ], [ -2.93132490694931, 53.436590294348697 ], [ -2.9314468970009, 53.437032997446899 ], [ -2.93079849617954, 53.437165051419797 ], [ -2.93045295254397, 53.436642228750102 ], [ -2.9286686897075, 53.4368922875355 ], [ -2.92664078840338, 53.436696222418902 ], [ -2.92613593274002, 53.437130506274301 ], [ -2.9259487725977, 53.437783664007803 ], [ -2.92537393896366, 53.4374248934162 ], [ -2.92502609817178, 53.4377959032117 ], [ -2.924132885843, 53.437212499636701 ], [ -2.92411945425918, 53.437221897837397 ], [ -2.92359207714505, 53.437453143457098 ], [ -2.92334217976827, 53.438425917484402 ], [ -2.92171293736843, 53.4382677123536 ], [ -2.92116147926945, 53.438523649194202 ], [ -2.92115397622078, 53.4385177924744 ], [ -2.92013417525163, 53.438634036739899 ], [ -2.92069702186718, 53.438626105118303 ], [ -2.9215245737146, 53.439302866475003 ], [ -2.91990229020036, 53.439468176980498 ], [ -2.919385758149, 53.439948554833499 ], [ -2.91742896341501, 53.439262474983501 ], [ -2.91504023504493, 53.437732437470501 ], [ -2.91496792905364, 53.438218400443198 ], [ -2.91428205432798, 53.438547718402603 ], [ -2.91360838958484, 53.438480248284101 ], [ -2.91355990113261, 53.438448663839097 ], [ -2.91137820026576, 53.439597762828399 ], [ -2.90969882630273, 53.440460315362998 ], [ -2.90784456853548, 53.441405567482398 ], [ -2.90741371004418, 53.4406732882562 ], [ -2.90884007296243, 53.440583368858199 ], [ -2.90806021486959, 53.439306535717201 ], [ -2.90852822039776, 53.4390877529286 ] ] ] } },
{ "type": "Feature", "properties": { "MSOA21CD": "E02001363", "MSOA21NM": "Liverpool 017" }, "geometry": { "type": "Polygon", "coordinates": [ [ [ -2.8792887709908, 53.438846704797299 ], [ -2.87538787380718, 53.436809934538097 ], [ -2.87497823208718, 53.437040214903 ], [ -2.87351628006416, 53.436198042897203 ], [ -2.87326036291507, 53.436410268457202 ], [ -2.87195524667443, 53.435523461950503 ], [ -2.87266066232258, 53.4352182783419 ], [ -2.87081459150154, 53.434127898423 ], [ -2.87028978022076, 53.433831042564996 ], [ -2.86878852032508, 53.432962239708999 ], [ -2.86938356343675, 53.432719351703902 ], [ -2.86890827567714, 53.431525934053099 ], [ -2.86930341838867, 53.431275006475197 ], [ -2.86808579309339, 53.429938160038603 ], [ -2.86791161869222, 53.429693674851002 ], [ -2.86688947102055, 53.428263345164098 ], [ -2.86617722624553, 53.428022995725598 ], [ -2.86644041944693, 53.427728565831003 ], [ -2.86817802579205, 53.426787972511697 ], [ -2.86831076262504, 53.426508660361598 ], [ -2.86846114493206, 53.426410749547102 ], [ -2.86929679337344, 53.426225062955197 ], [ -2.87016396016497, 53.425153920035498 ], [ -2.87284220884194, 53.425491856590398 ], [ -2.87287618928692, 53.425479325312999 ], [ -2.87352187944093, 53.425309045071501 ], [ -2.87531071665118, 53.423472542441097 ], [ -2.8760952017423, 53.423296279437302 ], [ -2.87592909915038, 53.422798435609799 ], [ -2.87668587349268, 53.422174035089299 ], [ -2.87747275912062, 53.422382647747398 ], [ -2.87799183285137, 53.422852522957299 ], [ -2.87633601836074, 53.424366200693498 ], [ -2.87726913265792, 53.424307412537999 ], [ -2.87730624463062, 53.424779809508102 ], [ -2.87796994207814, 53.424482729354096 ], [ -2.87830018359147, 53.4246430652668 ], [ -2.88007817884877, 53.4254333440525 ], [ -2.88048778920938, 53.425506913762 ], [ -2.880589096105, 53.426039880293303 ], [ -2.88093243969638, 53.425942555173002 ], [ -2.88166092133671, 53.426300439950097 ], [ -2.88235366807349, 53.426628316716503 ], [ -2.88519499637459, 53.4281000647387 ], [ -2.88626660723415, 53.426983244949902 ], [ -2.88671909948382, 53.427085447845499 ], [ -2.88663559595154, 53.427417170718897 ], [ -2.88533227353653, 53.428521555790397 ], [ -2.88486779859464, 53.428275551920798 ], [ -2.88472314397697, 53.428391966547203 ], [ -2.88709942943628, 53.430925015247603 ], [ -2.8880300482388, 53.431071730291599 ], [ -2.88825964410864, 53.432448167140599 ], [ -2.88919663451882, 53.433560559261103 ], [ -2.89026728350002, 53.434831553763502 ], [ -2.88713243818155, 53.4357320420565 ], [ -2.88598280313435, 53.4362170861179 ], [ -2.88568178232662, 53.436370390236199 ], [ -2.88166000690198, 53.437758137889602 ], [ -2.88147145717623, 53.437824184463103 ], [ -2.87932767096752, 53.438866418898499 ], [ -2.8792887709908, 53.438846704797299 ] ] ] } },
{ "type": "Feature", "properties": { "MSOA21CD": "E02001364", "MSOA21NM": "Liverpool 018" }, "geometry": { "type": "Polygon", "coordinates": [ [ [ -2.95726207164205, 53.433889289266901 ], [ -2.95626032657286, 53.433519797871 ], [ -2.95593234130923, 53.433719172111097 ], [ -2.95460221495283, 53.432742048427599 ], [ -2.95457443036942, 53.432245528879797 ], [ -2.95386378107399, 53.431745377205502 ], [ -2.95648256982762, 53.430021597522199 ], [ -2.95676452848147, 53.429830389743799 ], [ -2.95717526988866, 53.430024849870499 ], [ -2.95763343108746, 53.430679715539597 ], [ -2.95839319221843, 53.430364122884498 ], [ -2.95677601503502, 53.429591836794501 ], [ -2.95754249260122, 53.429061285043403 ], [ -2.95974174324196, 53.429663870492 ], [ -2.96039998896949, 53.429997039442704 ], [ -2.96079905858524, 53.429698326555503 ], [ -2.95999781300052, 53.429378327167598 ], [ -2.95849597592582, 53.427904010121999 ], [ -2.95662537612249, 53.426117224217201 ], [ -2.95454060754595, 53.424690003628299 ], [ -2.95448158807535, 53.424667958549797 ], [ -2.95616753740486, 53.4240059000836 ], [ -2.95678919631338, 53.423774216863997 ], [ -2.95817229589932, 53.4250636084086 ], [ -2.95870636338188, 53.425158674806298 ], [ -2.95888438720558, 53.4250766707138 ], [ -2.96174733565908, 53.4237453604904 ], [ -2.96194099210761, 53.423680412473601 ], [ -2.96310799588162, 53.424407055696101 ], [ -2.96379884268446, 53.424837452326301 ], [ -2.9642133844977, 53.425114341053003 ], [ -2.96400530652315, 53.425410140237702 ], [ -2.96485449095913, 53.425513655102698 ], [ -2.96418415959023, 53.425695858477198 ], [ -2.96481990300167, 53.426130460535902 ], [ -2.96557125038973, 53.425930331354998 ], [ -2.96550077612556, 53.426108508850298 ], [ -2.96579273320491, 53.426305892477302 ], [ -2.96645034923145, 53.4265547399932 ], [ -2.96657931232698, 53.426911203943703 ], [ -2.96832010014666, 53.426731665834097 ], [ -2.96833785100002, 53.427133424761003 ], [ -2.9695515087625, 53.427123578822297 ], [ -2.96845542805637, 53.427600701887499 ], [ -2.96867154813704, 53.4279212481472 ], [ -2.96816042422939, 53.428559778891703 ], [ -2.9669605662118, 53.428130311339899 ], [ -2.9672224926687, 53.429075635230703 ], [ -2.96727023318108, 53.4291247044182 ], [ -2.96782804497313, 53.430541244659203 ], [ -2.96816757708211, 53.430148068842897 ], [ -2.96891137982037, 53.430241982673301 ], [ -2.96900161748312, 53.430955213836 ], [ -2.96862672882722, 53.431033597900303 ], [ -2.97123461771401, 53.431356435742899 ], [ -2.97024223329602, 53.432067161938001 ], [ -2.96979816755909, 53.432411254689598 ], [ -2.96901884618619, 53.433267802312699 ], [ -2.96803943141593, 53.435723786950398 ], [ -2.96747587149309, 53.4371183726293 ], [ -2.96745891943576, 53.437155417481499 ], [ -2.96359485685987, 53.437873073276798 ], [ -2.96175963766526, 53.437754247574901 ], [ -2.96026378042532, 53.436840448546697 ], [ -2.96063234693557, 53.436495915001899 ], [ -2.95915828436644, 53.435878553395703 ], [ -2.95939322110041, 53.435615994775603 ], [ -2.95770542871036, 53.434564650409499 ], [ -2.95726207164205, 53.433889289266901 ] ] ] } },
{ "type": "Feature", "properties": { "MSOA21CD": "E02001365", "MSOA21NM": "Liverpool 019" }, "geometry": { "type": "Polygon", "coordinates": [ [ [ -2.95262403763004, 53.433117206195597 ], [ -2.95080913232966, 53.431945290977097 ], [ -2.95047998860141, 53.431844290804797 ], [ -2.94950766156342, 53.430719061017001 ], [ -2.94934592785145, 53.430572725262401 ], [ -2.95116301757052, 53.429646619767801 ], [ -2.95113068381809, 53.4296147156996 ], [ -2.95029221564597, 53.429135990563097 ], [ -2.95014919542682, 53.429022837008901 ], [ -2.94764909341142, 53.430730449324699 ], [ -2.94760250265929, 53.430685444006002 ], [ -2.94709873948696, 53.430585188359203 ], [ -2.94670458244295, 53.430917281174104 ], [ -2.94544581685278, 53.430071966983299 ], [ -2.94452602972758, 53.430413182584502 ], [ -2.94406481503263, 53.430302222564002 ], [ -2.94337021307054, 53.429874004976398 ], [ -2.94088110590242, 53.427578906758498 ], [ -2.94063961339261, 53.428324292287598 ], [ -2.9395673333795, 53.427850314792003 ], [ -2.93882217196485, 53.427546376601398 ], [ -2.93807653153005, 53.4276796939603 ], [ -2.9375883961294, 53.428307028957697 ], [ -2.93785227171402, 53.428795966815599 ], [ -2.93660668378874, 53.4295242260661 ], [ -2.9350497445116, 53.4271582917534 ], [ -2.93467494580104, 53.4268644254295 ], [ -2.93416968106156, 53.426934740822297 ], [ -2.93401431625222, 53.426702586249 ], [ -2.93536663655661, 53.426370393402102 ], [ -2.93653558309634, 53.426385960286296 ], [ -2.93734322797929, 53.4260816896509 ], [ -2.9363675366192, 53.424306092607303 ], [ -2.93583765925949, 53.424087896389302 ], [ -2.93727748561817, 53.423845571424998 ], [ -2.93813944197686, 53.4254028586206 ], [ -2.93884307365009, 53.425235534311803 ], [ -2.93892127639049, 53.425369750909802 ], [ -2.94021518016443, 53.424982047047401 ], [ -2.93958806512498, 53.4242139434633 ], [ -2.93986158274013, 53.424083090702197 ], [ -2.94075495904005, 53.424582291243397 ], [ -2.94136042576758, 53.424263373294202 ], [ -2.94189088463359, 53.424541234170199 ], [ -2.94253691033746, 53.4247264413642 ], [ -2.9400814741541, 53.4261156805605 ], [ -2.94031074708405, 53.426275673301298 ], [ -2.94298489969846, 53.424831589915797 ], [ -2.94314636360831, 53.425068365361298 ], [ -2.94205007699761, 53.426026502875402 ], [ -2.94275293798959, 53.426221236343999 ], [ -2.94454008078961, 53.425293679086998 ], [ -2.9444679804575, 53.4252631481178 ], [ -2.94556913676825, 53.424504793169703 ], [ -2.94673241014938, 53.4246782962041 ], [ -2.94793672813776, 53.424476729814003 ], [ -2.94858065147669, 53.424800976324001 ], [ -2.9493020111781, 53.424896073948297 ], [ -2.94957673688216, 53.424719248526301 ], [ -2.94913342211595, 53.424459760132002 ], [ -2.94956359080424, 53.424259233452801 ], [ -2.95004952654867, 53.423767556939801 ], [ -2.95037164025782, 53.423096410890302 ], [ -2.95422624039627, 53.424572713948301 ], [ -2.95448158807535, 53.424667958549797 ], [ -2.95454060754595, 53.424690003628299 ], [ -2.95662537612249, 53.426117224217201 ], [ -2.95849597592582, 53.427904010121999 ], [ -2.95999781300052, 53.429378327167598 ], [ -2.96079905858524, 53.429698326555503 ], [ -2.96039998896949, 53.429997039442704 ], [ -2.95974174324196, 53.429663870492 ], [ -2.95754249260122, 53.429061285043403 ], [ -2.95677601503502, 53.429591836794501 ], [ -2.95839319221843, 53.430364122884498 ], [ -2.95763343108746, 53.430679715539597 ], [ -2.95717526988866, 53.430024849870499 ], [ -2.95676452848147, 53.429830389743799 ], [ -2.95648256982762, 53.430021597522199 ], [ -2.95386378107399, 53.431745377205502 ], [ -2.95457443036942, 53.432245528879797 ], [ -2.95460221495283, 53.432742048427599 ], [ -2.95430723076251, 53.432934426429703 ], [ -2.95384548708957, 53.4326048504143 ], [ -2.95285787914905, 53.433251454705498 ], [ -2.95262403763004, 53.433117206195597 ] ] ] } },
{ "type": "Feature", "properties": { "MSOA21CD": "E02001366", "MSOA21NM": "Liverpool 020" }, "geometry": { "type": "Polygon", "coordinates": [ [ [ -2.9367853875916, 53.435883252411998 ], [ -2.93675438975565, 53.4352339717611 ], [ -2.93479216531801, 53.435406574822402 ], [ -2.93434841660566, 53.435077465145604 ], [ -2.93303011250334, 53.436741681376603 ], [ -2.92945907563733, 53.435205482853902 ], [ -2.92978833543301, 53.4349369371904 ], [ -2.93046033839588, 53.435029620138202 ], [ -2.93030412102969, 53.434525600643397 ], [ -2.93148913411938, 53.434096067638897 ], [ -2.93109737361776, 53.433477112206297 ], [ -2.92956428818124, 53.433128274667702 ], [ -2.9292171517961, 53.432723495987503 ], [ -2.92943376126749, 53.432376283786603 ], [ -2.93042361710397, 53.432501363541803 ], [ -2.93063326109153, 53.431762653653898 ], [ -2.93101925348895, 53.431768645219201 ], [ -2.92932328319729, 53.430207840721401 ], [ -2.92774831908926, 53.428708388738301 ], [ -2.92749652014998, 53.428494486193102 ], [ -2.927204935466, 53.428246905064697 ], [ -2.9259872134178, 53.427354633574602 ], [ -2.92414832064351, 53.426896779353299 ], [ -2.92410065630382, 53.426893237635298 ], [ -2.9182131549769, 53.427103658919798 ], [ -2.9174709133142, 53.426745199723598 ], [ -2.91592768501949, 53.425376342321798 ], [ -2.91531109845388, 53.423718230085697 ], [ -2.91846009200996, 53.422947628787398 ], [ -2.92011054154198, 53.4225271796467 ], [ -2.92090407703989, 53.422395281438298 ], [ -2.92573581381464, 53.421096172740498 ], [ -2.93139470589815, 53.419825854333503 ], [ -2.93155774554993, 53.419794256167997 ], [ -2.93267290620186, 53.4195467853989 ], [ -2.93299026599136, 53.4192854405294 ], [ -2.93526193131451, 53.421146747501503 ], [ -2.93587039851289, 53.422130746210499 ], [ -2.93652241310577, 53.423725648340302 ], [ -2.93574415806402, 53.423920510712499 ], [ -2.93583765925949, 53.424087896389302 ], [ -2.9363675366192, 53.424306092607303 ], [ -2.93734322797929, 53.4260816896509 ], [ -2.93653558309634, 53.426385960286296 ], [ -2.93536663655661, 53.426370393402102 ], [ -2.93401431625222, 53.426702586249 ], [ -2.93416968106156, 53.426934740822297 ], [ -2.93467494580104, 53.4268644254295 ], [ -2.9350497445116, 53.4271582917534 ], [ -2.93660668378874, 53.4295242260661 ], [ -2.93785227171402, 53.428795966815599 ], [ -2.9399500476852, 53.432514913091502 ], [ -2.94022801445524, 53.432969269226 ], [ -2.94202934221877, 53.435252487537902 ], [ -2.94364333545012, 53.436524702735397 ], [ -2.94263213342161, 53.437422666286302 ], [ -2.94236966717439, 53.437653998722801 ], [ -2.93951310007861, 53.436989573725 ], [ -2.93749252779876, 53.4364961477958 ], [ -2.93747377130631, 53.436490597097503 ], [ -2.9367853875916, 53.435883252411998 ] ] ] } },
{ "type": "Feature", "properties": { "MSOA21CD": "E02001367", "MSOA21NM": "Liverpool 021" }, "geometry": { "type": "Polygon", "coordinates": [ [ [ -2.88709942943628, 53.430925015247603 ], [ -2.88472314397697, 53.428391966547203 ], [ -2.88486779859464, 53.428275551920798 ], [ -2.88533227353653, 53.428521555790397 ], [ -2.88663559595154, 53.427417170718897 ], [ -2.88671909948382, 53.427085447845499 ], [ -2.88626660723415, 53.426983244949902 ], [ -2.8867852439889, 53.4262225500621 ], [ -2.88797520050103, 53.4254577435293 ], [ -2.88984526639757, 53.424867222441598 ], [ -2.890032476254, 53.424816022552498 ], [ -2.89002690956965, 53.424418990738403 ], [ -2.89028080571681, 53.4242516851426 ], [ -2.89350142405461, 53.422419238068002 ], [ -2.89536879976724, 53.422510749712202 ], [ -2.89724076768523, 53.422040853666097 ], [ -2.8974225225194, 53.421991013345902 ], [ -2.89881324206502, 53.421609547721999 ], [ -2.8992203558505, 53.4214978846408 ], [ -2.90468423453281, 53.419995572609501 ], [ -2.90790101930125, 53.419259523917397 ], [ -2.90866659552237, 53.420197433681899 ], [ -2.90906133354994, 53.4205614587461 ], [ -2.91085769148746, 53.421432279517902 ], [ -2.91398581044707, 53.4221226106431 ], [ -2.91429551651526, 53.422316264002802 ], [ -2.91432017626062, 53.422332902670803 ], [ -2.91505846398403, 53.422881420752297 ], [ -2.91531109845388, 53.423718230085697 ], [ -2.91592768501949, 53.425376342321798 ], [ -2.9174709133142, 53.426745199723598 ], [ -2.9182131549769, 53.427103658919798 ], [ -2.92088876231601, 53.428692050594996 ], [ -2.92180621857452, 53.429359130947503 ], [ -2.92155331489596, 53.429495921922602 ], [ -2.92022008935579, 53.428594637292399 ], [ -2.91993529246185, 53.428754403077001 ], [ -2.9208415004044, 53.429493605051398 ], [ -2.92074544743606, 53.4299450437261 ], [ -2.91999276094315, 53.4297146850475 ], [ -2.91868864535083, 53.430499748610501 ], [ -2.91836327046589, 53.430315348929 ], [ -2.91671614279077, 53.431550758239901 ], [ -2.91602074497766, 53.431198322126598 ], [ -2.91474456012469, 53.432240356942003 ], [ -2.9165791005431, 53.433079755163099 ], [ -2.9151844697508, 53.433589800188997 ], [ -2.91427375868555, 53.433237221806898 ], [ -2.91358847086744, 53.433666955121801 ], [ -2.9130549985566, 53.4334973296519 ], [ -2.91310334484386, 53.434109086207101 ], [ -2.91096207158778, 53.433021304068099 ], [ -2.91014020141312, 53.4328013304048 ], [ -2.90998353624027, 53.433151378971203 ], [ -2.90899815941766, 53.433169883587098 ], [ -2.90941341606455, 53.4326001158366 ], [ -2.9087193368534, 53.432302528913802 ], [ -2.90771069859185, 53.433117540016099 ], [ -2.90807832059885, 53.433271128059801 ], [ -2.9053579129244, 53.434553851769302 ], [ -2.90347032843238, 53.434410431810797 ], [ -2.90084213775786, 53.432253831519802 ], [ -2.90488518056508, 53.430454587177898 ], [ -2.90412944228518, 53.430238484647802 ], [ -2.9032710863725, 53.430802341182201 ], [ -2.90218223298919, 53.430044943367001 ], [ -2.9018077795748, 53.430194923599799 ], [ -2.90057673951707, 53.429872729562703 ], [ -2.90051748427309, 53.429419892333101 ], [ -2.89896713060263, 53.430081309466303 ], [ -2.89886137684942, 53.4299513074129 ], [ -2.89846661572152, 53.430311354695299 ], [ -2.89725106142752, 53.431439130145499 ], [ -2.89273789301651, 53.434151154373801 ], [ -2.8921272604663, 53.434312607474602 ], [ -2.89047731464162, 53.434770799240603 ], [ -2.89026728350002, 53.434831553763502 ], [ -2.88919663451882, 53.433560559261103 ], [ -2.88825964410864, 53.432448167140599 ], [ -2.8880300482388, 53.431071730291599 ], [ -2.88709942943628, 53.430925015247603 ] ] ] } },
{ "type": "Feature", "properties": { "MSOA21CD": "E02001368", "MSOA21NM": "Liverpool 022" }, "geometry": { "type": "Polygon", "coordinates": [ [ [ -3.00009631050343, 53.4404007053922 ], [ -2.99956117898817, 53.439115842926803 ], [ -2.9966973484975, 53.439607177381198 ], [ -2.99595507650812, 53.438121241393802 ], [ -2.99904624561482, 53.4376999334361 ], [ -2.9981611931886, 53.435262400856999 ], [ -2.99480478170954, 53.4358936108096 ], [ -2.99502381365131, 53.436277326235903 ], [ -2.99325587438124, 53.436633606176002 ], [ -2.99234298059479, 53.434924339122603 ], [ -2.99258528745731, 53.430463926275202 ], [ -2.9945461512035, 53.430645381269599 ], [ -2.99675443344984, 53.427247221623603 ], [ -2.99761251359157, 53.427258037420302 ], [ -2.99704050498212, 53.428539210370197 ], [ -2.99797933464653, 53.428783056449802 ], [ -3.00038812317259, 53.423684291987797 ], [ -3.00031240640965, 53.422381551284097 ], [ -2.99664137729007, 53.422412231383397 ], [ -2.99666301927216, 53.423337889664097 ], [ -2.99670819815158, 53.425270088504597 ], [ -2.99391169385536, 53.4253832722518 ], [ -2.99388893287185, 53.4244071246464 ], [ -2.99298997942615, 53.424132128863697 ], [ -2.99153312235374, 53.425530729339201 ], [ -2.99119290807174, 53.4250409974251 ], [ -2.99173290721866, 53.425031006216301 ], [ -2.99172516469166, 53.424547513304901 ], [ -2.99134968180056, 53.424012474765902 ], [ -2.98859692720738, 53.424303822053503 ], [ -2.98830277719312, 53.425762661539501 ], [ -2.987998830977, 53.426928926404997 ], [ -2.98648359727135, 53.4269219321056 ], [ -2.9866219292922, 53.427457434058503 ], [ -2.98785755245067, 53.427428626665403 ], [ -2.98776739144565, 53.427798259905799 ], [ -2.98474019199436, 53.4278163177609 ], [ -2.98462002464741, 53.428021217196303 ], [ -2.98466965233366, 53.428560903728403 ], [ -2.98292744816377, 53.428719073447603 ], [ -2.9828156911532, 53.4284498734186 ], [ -2.98281833887473, 53.428504646801997 ], [ -2.98411581761607, 53.431459023268097 ], [ -2.98448561229899, 53.4321774362814 ], [ -2.98484859578746, 53.432901549675201 ], [ -2.98482836665756, 53.432902875952401 ], [ -2.98376728543472, 53.4329429542518 ], [ -2.98365196856867, 53.432708058386197 ], [ -2.98270704567885, 53.433051645379102 ], [ -2.9813589739398, 53.433154413694403 ], [ -2.98145767515895, 53.4335297438965 ], [ -2.9808173205082, 53.433555408282402 ], [ -2.98100111997787, 53.433183573376397 ], [ -2.98062280276913, 53.433214392113001 ], [ -2.98040302010885, 53.4327757499751 ], [ -2.97978236531225, 53.432780842795701 ], [ -2.9797963338332, 53.433275106736801 ], [ -2.97909027210144, 53.4333348376895 ], [ -2.97902714023522, 53.433339283234297 ], [ -2.97827862625325, 53.433386422599398 ], [ -2.97840497701687, 53.432333709802897 ], [ -2.97719922107966, 53.432262673329198 ], [ -2.97690767786601, 53.432551968494103 ], [ -2.9752690556423, 53.4323367947637 ], [ -2.97497089513716, 53.431538776304599 ], [ -2.97695720457404, 53.430898379588697 ], [ -2.97612748147771, 53.430815276364903 ], [ -2.9760373399676, 53.430447269509997 ], [ -2.97660920611395, 53.4303618584578 ], [ -2.97641181508737, 53.429467936803299 ], [ -2.97579054535527, 53.427792773539799 ], [ -2.97558510586753, 53.427031823005201 ], [ -2.9773378151372, 53.426805306161597 ], [ -2.97908456162269, 53.426739970976001 ], [ -2.97868333001419, 53.423688014593502 ], [ -2.97844501531722, 53.422564121865101 ], [ -2.97833657725123, 53.421476953216299 ], [ -2.97788720750629, 53.418266747963997 ], [ -2.97804328785207, 53.417557532587502 ], [ -2.9770570861935, 53.416700413192999 ], [ -2.9765741628165, 53.416008050433803 ], [ -2.97908020261279, 53.415430428070302 ], [ -2.978813452179, 53.415009487729797 ], [ -2.97986259073318, 53.414756975321403 ], [ -2.98019536095087, 53.415178153471203 ], [ -2.98063483771011, 53.415098617897797 ], [ -2.98233743474754, 53.415018145127902 ], [ -2.98351083025269, 53.415395803387199 ], [ -2.98388339998278, 53.415947042684003 ], [ -2.98464977909169, 53.417082537685303 ], [ -2.98742345714886, 53.416850234352701 ], [ -2.98720710753984, 53.416399853276502 ], [ -2.98986926937412, 53.416235695069801 ], [ -2.98991538062753, 53.416620453204203 ], [ -2.99457320679723, 53.416189849088099 ], [ -2.99631025976118, 53.416128865631599 ], [ -2.99918038716093, 53.416337111916697 ], [ -3.00423783720427, 53.416257386017001 ], [ -3.00516428386453, 53.419335006300201 ], [ -3.00542467210491, 53.420744002685801 ], [ -3.00484607283547, 53.420961931999301 ], [ -3.00473815183499, 53.4214311974754 ], [ -3.00513346203531, 53.421537505217401 ], [ -3.00474132727733, 53.421818564577201 ], [ -3.00567422409415, 53.422324007545797 ], [ -3.00593252253686, 53.425619753706798 ], [ -3.00649859913637, 53.425694065947603 ], [ -3.0060601654937, 53.426117591468198 ], [ -3.00656749748076, 53.425868805451302 ], [ -3.00634998331808, 53.426284090934701 ], [ -3.0069351608441, 53.426399665744498 ], [ -3.00634870088101, 53.427312387053703 ], [ -3.00715434546295, 53.433254343016699 ], [ -3.00875227811028, 53.438381338488199 ], [ -3.00875227516552, 53.4383815955903 ], [ -3.00767923649356, 53.438388683860097 ], [ -3.00598207454571, 53.438793153275697 ], [ -3.00609287083185, 53.439104236861702 ], [ -3.00547429738165, 53.439242358154203 ], [ -3.00503958643357, 53.439022977393002 ], [ -3.00033171347358, 53.439935510981698 ], [ -3.00055598931424, 53.440310313987297 ], [ -3.00009631050343, 53.4404007053922 ] ] ] } },
{ "type": "Feature", "properties": { "MSOA21CD": "E02001369", "MSOA21NM": "Liverpool 023" }, "geometry": { "type": "Polygon", "coordinates": [ [ [ -2.96891137982037, 53.430241982673301 ], [ -2.96816757708211, 53.430148068842897 ], [ -2.96782804497313, 53.430541244659203 ], [ -2.96727023318108, 53.4291247044182 ], [ -2.9672224926687, 53.429075635230703 ], [ -2.9669605662118, 53.428130311339899 ], [ -2.96816042422939, 53.428559778891703 ], [ -2.96867154813704, 53.4279212481472 ], [ -2.96845542805637, 53.427600701887499 ], [ -2.9695515087625, 53.427123578822297 ], [ -2.96833785100002, 53.427133424761003 ], [ -2.96832010014666, 53.426731665834097 ], [ -2.96657931232698, 53.426911203943703 ], [ -2.96645034923145, 53.4265547399932 ], [ -2.96579273320491, 53.426305892477302 ], [ -2.96550077612556, 53.426108508850298 ], [ -2.96557125038973, 53.425930331354998 ], [ -2.96481990300167, 53.426130460535902 ], [ -2.96418415959023, 53.425695858477198 ], [ -2.96485449095913, 53.425513655102698 ], [ -2.96400530652315, 53.425410140237702 ], [ -2.9642133844977, 53.425114341053003 ], [ -2.96379884268446, 53.424837452326301 ], [ -2.96310799588162, 53.424407055696101 ], [ -2.96194099210761, 53.423680412473601 ], [ -2.96273943282762, 53.4232083410702 ], [ -2.96206270667921, 53.422238145013203 ], [ -2.96141983498626, 53.422026765247502 ], [ -2.96169688575814, 53.4208870570681 ], [ -2.96103210159866, 53.420499658919397 ], [ -2.96294799711869, 53.420049169965097 ], [ -2.96295744539851, 53.419773292857101 ], [ -2.96302263477025, 53.419728848401398 ], [ -2.96298031714138, 53.419625387815898 ], [ -2.9624201390037, 53.418342321903097 ], [ -2.9643315021087, 53.418044615932502 ], [ -2.96435987216952, 53.417739570358698 ], [ -2.96614166579453, 53.417233633308797 ], [ -2.9653361414807, 53.416615032450302 ], [ -2.96471321745967, 53.417214436552797 ], [ -2.96365526937238, 53.416853502889801 ], [ -2.96306810836057, 53.416376844065098 ], [ -2.96450488019645, 53.4159611172282 ], [ -2.9631414024412, 53.414930291076402 ], [ -2.96381115132299, 53.414645716529698 ], [ -2.96408087982794, 53.414907549660697 ], [ -2.96446136246402, 53.414564694146399 ], [ -2.96399913084807, 53.414428118750799 ], [ -2.96423579345671, 53.414129929985002 ], [ -2.96513676309265, 53.413718160855304 ], [ -2.96464776556458, 53.413130998933198 ], [ -2.96559652227028, 53.412743784984997 ], [ -2.96696812453738, 53.4120971520193 ], [ -2.96793456063704, 53.411768294358801 ], [ -2.96858868614129, 53.413681080901803 ], [ -2.96950492695416, 53.413610881926999 ], [ -2.97029951415492, 53.413487575418202 ], [ -2.97151309285979, 53.413316061637502 ], [ -2.9720686489396, 53.413216120307901 ], [ -2.9719269326464, 53.4129524201023 ], [ -2.97327130364275, 53.412766614297396 ], [ -2.97320777112249, 53.412497730187901 ], [ -2.97387287087742, 53.412505675130298 ], [ -2.97382507721705, 53.412389220078502 ], [ -2.97448409796751, 53.412260249634301 ], [ -2.97435596713571, 53.411738293618697 ], [ -2.97486992005301, 53.411962836437397 ], [ -2.97475681509393, 53.412256397256101 ], [ -2.97640199799508, 53.411918744017001 ], [ -2.97607542503038, 53.411453998469597 ], [ -2.97644981841687, 53.411379028283797 ], [ -2.97663834378515, 53.411728047984802 ], [ -2.97745534138399, 53.410615748888702 ], [ -2.97826453896914, 53.410876350371197 ], [ -2.97857084597778, 53.409402113842297 ], [ -2.9802014183125, 53.409704653181102 ], [ -2.98091589221504, 53.409435795062798 ], [ -2.98262395259494, 53.409644712232399 ], [ -2.98272852583697, 53.410228884042098 ], [ -2.98294946537471, 53.4100942573765 ], [ -2.98235381374305, 53.411273033313897 ], [ -2.98254930067896, 53.411661590490297 ], [ -2.98358231210416, 53.411387506776201 ], [ -2.98364754654395, 53.411661539495903 ], [ -2.98371393215852, 53.411930654831004 ], [ -2.98502172747809, 53.411883921947599 ], [ -2.98521783642723, 53.412757018276501 ], [ -2.98551805684962, 53.412721084072999 ], [ -2.98634077549712, 53.413279775367698 ], [ -2.98648910026925, 53.413816840947703 ], [ -2.98656136132864, 53.414055479349202 ], [ -2.98450699468066, 53.414351078246199 ], [ -2.9829807551856, 53.4145135458214 ], [ -2.98263372094204, 53.4142800203619 ], [ -2.98233743474754, 53.415018145127902 ], [ -2.98063483771011, 53.415098617897797 ], [ -2.98019536095087, 53.415178153471203 ], [ -2.97986259073318, 53.414756975321403 ], [ -2.978813452179, 53.415009487729797 ], [ -2.97908020261279, 53.415430428070302 ], [ -2.9765741628165, 53.416008050433803 ], [ -2.9770570861935, 53.416700413192999 ], [ -2.97804328785207, 53.417557532587502 ], [ -2.97788720750629, 53.418266747963997 ], [ -2.97833657725123, 53.421476953216299 ], [ -2.97844501531722, 53.422564121865101 ], [ -2.97868333001419, 53.423688014593502 ], [ -2.97908456162269, 53.426739970976001 ], [ -2.9773378151372, 53.426805306161597 ], [ -2.97558510586753, 53.427031823005201 ], [ -2.97579054535527, 53.427792773539799 ], [ -2.97641181508737, 53.429467936803299 ], [ -2.97660920611395, 53.4303618584578 ], [ -2.9760373399676, 53.430447269509997 ], [ -2.97165609003792, 53.431245637809702 ], [ -2.97131089364589, 53.431309343916297 ], [ -2.97123461771401, 53.431356435742899 ], [ -2.96862672882722, 53.431033597900303 ], [ -2.96900161748312, 53.430955213836 ], [ -2.96891137982037, 53.430241982673301 ] ] ] } },
{ "type": "Feature", "properties": { "MSOA21CD": "E02001370", "MSOA21NM": "Liverpool 024" }, "geometry": { "type": "Polygon", "coordinates": [ [ [ -2.95817229589932, 53.4250636084086 ], [ -2.95678919631338, 53.423774216863997 ], [ -2.95616753740486, 53.4240059000836 ], [ -2.95448158807535, 53.424667958549797 ], [ -2.95422624039627, 53.424572713948301 ], [ -2.95037164025782, 53.423096410890302 ], [ -2.95004952654867, 53.423767556939801 ], [ -2.94956359080424, 53.424259233452801 ], [ -2.94913342211595, 53.424459760132002 ], [ -2.94957673688216, 53.424719248526301 ], [ -2.9493020111781, 53.424896073948297 ], [ -2.94858065147669, 53.424800976324001 ], [ -2.94793672813776, 53.424476729814003 ], [ -2.94673241014938, 53.4246782962041 ], [ -2.94556913676825, 53.424504793169703 ], [ -2.9444679804575, 53.4252631481178 ], [ -2.94253289747656, 53.424493924173497 ], [ -2.94138419114929, 53.423845818484203 ], [ -2.940673122742, 53.422875468806602 ], [ -2.94051063534286, 53.422570840977201 ], [ -2.94399998928396, 53.422178599226598 ], [ -2.9441007027192, 53.422164149670401 ], [ -2.94733387483707, 53.421408981808902 ], [ -2.94779037530963, 53.421263780442999 ], [ -2.94774057355331, 53.421126674299401 ], [ -2.94642365684333, 53.417614500554002 ], [ -2.94628584184303, 53.417318356114599 ], [ -2.94626604729892, 53.417266857900501 ], [ -2.94654489655174, 53.4169500433417 ], [ -2.94736291165904, 53.416615785573299 ], [ -2.94861125371301, 53.416831597027901 ], [ -2.94920022259351, 53.416442894347199 ], [ -2.94958606142294, 53.416609465217498 ], [ -2.95016641870646, 53.416741538565802 ], [ -2.95076189333957, 53.416930612920901 ], [ -2.9508637731208, 53.416646627073703 ], [ -2.95155230571361, 53.416553668144601 ], [ -2.95146498354179, 53.4162727791565 ], [ -2.95338475961891, 53.415891205359898 ], [ -2.95402083665242, 53.416672964680998 ], [ -2.95507242357646, 53.416683258512798 ], [ -2.95619369034761, 53.416259878944302 ], [ -2.95650386977092, 53.4161409438818 ], [ -2.95722229046929, 53.415858855430798 ], [ -2.95790617864743, 53.4156259748653 ], [ -2.96190573484356, 53.414389431147399 ], [ -2.96259247928824, 53.414151270519902 ], [ -2.96464776556458, 53.413130998933198 ], [ -2.96513676309265, 53.413718160855304 ], [ -2.96423579345671, 53.414129929985002 ], [ -2.96399913084807, 53.414428118750799 ], [ -2.96446136246402, 53.414564694146399 ], [ -2.96408087982794, 53.414907549660697 ], [ -2.96381115132299, 53.414645716529698 ], [ -2.9631414024412, 53.414930291076402 ], [ -2.96450488019645, 53.4159611172282 ], [ -2.96306810836057, 53.416376844065098 ], [ -2.96365526937238, 53.416853502889801 ], [ -2.96471321745967, 53.417214436552797 ], [ -2.9653361414807, 53.416615032450302 ], [ -2.96614166579453, 53.417233633308797 ], [ -2.96435987216952, 53.417739570358698 ], [ -2.9643315021087, 53.418044615932502 ], [ -2.9624201390037, 53.418342321903097 ], [ -2.96298031714138, 53.419625387815898 ], [ -2.96302263477025, 53.419728848401398 ], [ -2.96295744539851, 53.419773292857101 ], [ -2.96294799711869, 53.420049169965097 ], [ -2.96103210159866, 53.420499658919397 ], [ -2.96169688575814, 53.4208870570681 ], [ -2.96141983498626, 53.422026765247502 ], [ -2.96206270667921, 53.422238145013203 ], [ -2.96273943282762, 53.4232083410702 ], [ -2.96194099210761, 53.423680412473601 ], [ -2.96174733565908, 53.4237453604904 ], [ -2.95888438720558, 53.4250766707138 ], [ -2.95870636338188, 53.425158674806298 ], [ -2.95817229589932, 53.4250636084086 ] ] ] } },
{ "type": "Feature", "properties": { "MSOA21CD": "E02001371", "MSOA21NM": "Liverpool 025" }, "geometry": { "type": "Polygon", "coordinates": [ [ [ -2.86877418392965, 53.422799958841502 ], [ -2.86847664835275, 53.4220103734975 ], [ -2.86800715455931, 53.420539971067299 ], [ -2.86763528240206, 53.419709516553901 ], [ -2.86620055288207, 53.419046232326103 ], [ -2.8660086879493, 53.418303212749997 ], [ -2.86602292522297, 53.418274772983999 ], [ -2.86746417173796, 53.416802237388097 ], [ -2.86871426175608, 53.4155688444947 ], [ -2.86940663005869, 53.414532226774099 ], [ -2.86944630373404, 53.414474625392401 ], [ -2.87108038681105, 53.412429723857002 ], [ -2.87230292382399, 53.412688863909104 ], [ -2.87508644359166, 53.413716840619301 ], [ -2.8754582737202, 53.413859253225603 ], [ -2.87585717770886, 53.414018023859498 ], [ -2.88046873087295, 53.415771602604799 ], [ -2.88011917905966, 53.416091976702198 ], [ -2.8804917567791, 53.416367115502702 ], [ -2.8797414443944, 53.4167479492152 ], [ -2.8788623043391, 53.417025004875804 ], [ -2.87827389344909, 53.416662196040598 ], [ -2.87708176828295, 53.418200173811599 ], [ -2.87757002817861, 53.418237922501703 ], [ -2.87780310382224, 53.418642885432703 ], [ -2.87682562463167, 53.419061826687297 ], [ -2.87719778968725, 53.419356906889803 ], [ -2.87662506522207, 53.419218525493001 ], [ -2.87617876946626, 53.419457784076698 ], [ -2.87695233122697, 53.4200175393999 ], [ -2.87774619035803, 53.420008511572497 ], [ -2.88121530077584, 53.419740964570103 ], [ -2.8813085061203, 53.419860467591597 ], [ -2.88429422003323, 53.420347986128697 ], [ -2.88077636425807, 53.422574390284701 ], [ -2.88003195711045, 53.423070014402498 ], [ -2.87796994207814, 53.424482729354096 ], [ -2.87730624463062, 53.424779809508102 ], [ -2.87726913265792, 53.424307412537999 ], [ -2.87633601836074, 53.424366200693498 ], [ -2.87799183285137, 53.422852522957299 ], [ -2.87747275912062, 53.422382647747398 ], [ -2.87668587349268, 53.422174035089299 ], [ -2.87592909915038, 53.422798435609799 ], [ -2.8760952017423, 53.423296279437302 ], [ -2.87531071665118, 53.423472542441097 ], [ -2.87352187944093, 53.425309045071501 ], [ -2.87287618928692, 53.425479325312999 ], [ -2.87284220884194, 53.425491856590398 ], [ -2.87016396016497, 53.425153920035498 ], [ -2.86963559481983, 53.424984027171199 ], [ -2.86991330242652, 53.424775397921103 ], [ -2.86831278443005, 53.423895337640801 ], [ -2.86877418392965, 53.422799958841502 ] ] ] } },
{ "type": "Feature", "properties": { "MSOA21CD": "E02001372", "MSOA21NM": "Liverpool 026" }, "geometry": { "type": "Polygon", "coordinates": [ [ [ -2.88166092133671, 53.426300439950097 ], [ -2.88093243969638, 53.425942555173002 ], [ -2.880589096105, 53.426039880293303 ], [ -2.88048778920938, 53.425506913762 ], [ -2.88007817884877, 53.4254333440525 ], [ -2.87830018359147, 53.4246430652668 ], [ -2.87796994207814, 53.424482729354096 ], [ -2.88003195711045, 53.423070014402498 ], [ -2.88077636425807, 53.422574390284701 ], [ -2.88429422003323, 53.420347986128697 ], [ -2.8813085061203, 53.419860467591597 ], [ -2.88121530077584, 53.419740964570103 ], [ -2.87774619035803, 53.420008511572497 ], [ -2.87695233122697, 53.4200175393999 ], [ -2.87617876946626, 53.419457784076698 ], [ -2.87662506522207, 53.419218525493001 ], [ -2.87719778968725, 53.419356906889803 ], [ -2.87682562463167, 53.419061826687297 ], [ -2.87780310382224, 53.418642885432703 ], [ -2.87757002817861, 53.418237922501703 ], [ -2.87708176828295, 53.418200173811599 ], [ -2.87827389344909, 53.416662196040598 ], [ -2.8788623043391, 53.417025004875804 ], [ -2.8797414443944, 53.4167479492152 ], [ -2.8804917567791, 53.416367115502702 ], [ -2.88011917905966, 53.416091976702198 ], [ -2.88046873087295, 53.415771602604799 ], [ -2.88083257001142, 53.415934764008703 ], [ -2.88169300123845, 53.416263684141398 ], [ -2.88404423863425, 53.4168048030593 ], [ -2.88688989637697, 53.415311455220603 ], [ -2.88864370829132, 53.414044605628398 ], [ -2.88892479575612, 53.413731259642503 ], [ -2.88928538907357, 53.413408750991799 ], [ -2.88974390638937, 53.4135110186619 ], [ -2.89227188265236, 53.411791187802898 ], [ -2.89236345109216, 53.410970416020298 ], [ -2.89267010086659, 53.410062362448201 ], [ -2.8966189513674, 53.409577457344703 ], [ -2.89673364522285, 53.4099953082331 ], [ -2.89822383364618, 53.409649209600097 ], [ -2.89858399854155, 53.409589397852201 ], [ -2.90158875418398, 53.409029555651003 ], [ -2.90158441831013, 53.4072859345303 ], [ -2.90155109026203, 53.4070250857554 ], [ -2.9023955905904, 53.407668806327202 ], [ -2.90393988136494, 53.407836189803099 ], [ -2.9030159486502, 53.4084975596096 ], [ -2.90390024138663, 53.408841895654902 ], [ -2.90489458440039, 53.408355629022303 ], [ -2.90506803972585, 53.408855689379301 ], [ -2.90390369113705, 53.409348896366502 ], [ -2.90493101103075, 53.410028044735697 ], [ -2.90518049776051, 53.410669090913601 ], [ -2.90523212132697, 53.410881341116998 ], [ -2.90363663228443, 53.410636557745001 ], [ -2.90196983760254, 53.4110966142959 ], [ -2.90206577955462, 53.411660823635401 ], [ -2.90170546069803, 53.411903202000097 ], [ -2.89925865674888, 53.412673902239 ], [ -2.8994881126916, 53.413005214575001 ], [ -2.89983040307962, 53.413254575544599 ], [ -2.89955668196385, 53.413695295914501 ], [ -2.89825640548552, 53.4137092029491 ], [ -2.89777861738385, 53.414036137788798 ], [ -2.9009639568728, 53.416230720292603 ], [ -2.90127167018865, 53.4165136188617 ], [ -2.90006149801634, 53.416697663712903 ], [ -2.90014051202928, 53.416876846458898 ], [ -2.90076009730525, 53.416770509090703 ], [ -2.90128476893493, 53.417266346761998 ], [ -2.89943074073525, 53.418899061852102 ], [ -2.89807090031308, 53.419077622582599 ], [ -2.89558717317197, 53.420012181976603 ], [ -2.89666433108003, 53.421145697176499 ], [ -2.8990005187501, 53.420624426765698 ], [ -2.8992203558505, 53.4214978846408 ], [ -2.89881324206502, 53.421609547721999 ], [ -2.8974225225194, 53.421991013345902 ], [ -2.89724076768523, 53.422040853666097 ], [ -2.89536879976724, 53.422510749712202 ], [ -2.89350142405461, 53.422419238068002 ], [ -2.89028080571681, 53.4242516851426 ], [ -2.89002690956965, 53.424418990738403 ], [ -2.890032476254, 53.424816022552498 ], [ -2.88984526639757, 53.424867222441598 ], [ -2.88797520050103, 53.4254577435293 ], [ -2.8867852439889, 53.4262225500621 ], [ -2.88626660723415, 53.426983244949902 ], [ -2.88519499637459, 53.4281000647387 ], [ -2.88235366807349, 53.426628316716503 ], [ -2.88166092133671, 53.426300439950097 ] ] ] } },
{ "type": "Feature", "properties": { "MSOA21CD": "E02001373", "MSOA21NM": "Liverpool 027" }, "geometry": { "type": "Polygon", "coordinates": [ [ [ -2.90790101930125, 53.419259523917397 ], [ -2.90767462469722, 53.418471740846101 ], [ -2.90751213456946, 53.4180377687237 ], [ -2.90822853683177, 53.417854827842497 ], [ -2.90815788211051, 53.418172878169102 ], [ -2.9129978578539, 53.418192931446498 ], [ -2.91258787575679, 53.417771299985503 ], [ -2.91304736015371, 53.417742804267398 ], [ -2.91267737094711, 53.417734661628401 ], [ -2.91255686429783, 53.417025460033599 ], [ -2.91293219123944, 53.416986640354502 ], [ -2.91296670552053, 53.417193121035702 ], [ -2.91311884802601, 53.417974000693903 ], [ -2.91490595076719, 53.4178538889552 ], [ -2.91517546988609, 53.418452661443297 ], [ -2.91556633596654, 53.418432084299603 ], [ -2.91501576516454, 53.417321284994799 ], [ -2.9158231205733, 53.417276166056801 ], [ -2.91613375017881, 53.417528341397698 ], [ -2.91841608606029, 53.417313201466897 ], [ -2.91734622926806, 53.416792479086801 ], [ -2.91617911626426, 53.416870648118703 ], [ -2.91610856547484, 53.416447758612598 ], [ -2.9155882396297, 53.416067279695199 ], [ -2.91527902105866, 53.416500033667702 ], [ -2.91436732331311, 53.416535222946102 ], [ -2.91399015630984, 53.415241020133301 ], [ -2.91358593037509, 53.413790607136299 ], [ -2.91209878965979, 53.413899661774401 ], [ -2.91155369791892, 53.413995220728701 ], [ -2.91148771296001, 53.413747783428803 ], [ -2.9133749601781, 53.413423665452001 ], [ -2.9129965490324, 53.413014677054697 ], [ -2.9118643659886, 53.412241243990898 ], [ -2.91259850083866, 53.411816016827601 ], [ -2.91442520303468, 53.410900462040999 ], [ -2.91439287691177, 53.410212358556997 ], [ -2.91610839936888, 53.410751040144902 ], [ -2.9165613699072, 53.409984925863903 ], [ -2.91740020104888, 53.409959105552701 ], [ -2.91771424156858, 53.410129696368102 ], [ -2.91837151524511, 53.409905007874201 ], [ -2.92089406452427, 53.4101300106678 ], [ -2.9212370818612, 53.409122357490098 ], [ -2.92268781032194, 53.408709469821197 ], [ -2.92360538185899, 53.408787197629799 ], [ -2.92374074302143, 53.408202413578998 ], [ -2.92303796275948, 53.408077051134697 ], [ -2.92274483225569, 53.4067275363143 ], [ -2.92450086532989, 53.406834722770697 ], [ -2.92569985867994, 53.407540065625398 ], [ -2.92794996056353, 53.411218825553597 ], [ -2.92826891724781, 53.4117918731854 ], [ -2.92856147147927, 53.412305843198702 ], [ -2.92978424269938, 53.414488198132098 ], [ -2.93223187664159, 53.418782948958999 ], [ -2.93267290620186, 53.4195467853989 ], [ -2.93155774554993, 53.419794256167997 ], [ -2.93139470589815, 53.419825854333503 ], [ -2.92573581381464, 53.421096172740498 ], [ -2.92090407703989, 53.422395281438298 ], [ -2.92011054154198, 53.4225271796467 ], [ -2.91846009200996, 53.422947628787398 ], [ -2.91531109845388, 53.423718230085697 ], [ -2.91505846398403, 53.422881420752297 ], [ -2.91432017626062, 53.422332902670803 ], [ -2.91429551651526, 53.422316264002802 ], [ -2.91398581044707, 53.4221226106431 ], [ -2.91085769148746, 53.421432279517902 ], [ -2.90906133354994, 53.4205614587461 ], [ -2.90866659552237, 53.420197433681899 ], [ -2.90790101930125, 53.419259523917397 ] ] ] } },
{ "type": "Feature", "properties": { "MSOA21CD": "E02001374", "MSOA21NM": "Liverpool 028" }, "geometry": { "type": "Polygon", "coordinates": [ [ [ -2.9400814741541, 53.4261156805605 ], [ -2.94253691033746, 53.4247264413642 ], [ -2.94189088463359, 53.424541234170199 ], [ -2.94136042576758, 53.424263373294202 ], [ -2.94075495904005, 53.424582291243397 ], [ -2.93986158274013, 53.424083090702197 ], [ -2.93958806512498, 53.4242139434633 ], [ -2.94021518016443, 53.424982047047401 ], [ -2.93892127639049, 53.425369750909802 ], [ -2.93884307365009, 53.425235534311803 ], [ -2.93813944197686, 53.4254028586206 ], [ -2.93727748561817, 53.423845571424998 ], [ -2.93583765925949, 53.424087896389302 ], [ -2.93574415806402, 53.423920510712499 ], [ -2.93652241310577, 53.423725648340302 ], [ -2.93587039851289, 53.422130746210499 ], [ -2.93526193131451, 53.421146747501503 ], [ -2.93299026599136, 53.4192854405294 ], [ -2.93267290620186, 53.4195467853989 ], [ -2.93223187664159, 53.418782948958999 ], [ -2.92978424269938, 53.414488198132098 ], [ -2.92856147147927, 53.412305843198702 ], [ -2.92826891724781, 53.4117918731854 ], [ -2.92794996056353, 53.411218825553597 ], [ -2.92569985867994, 53.407540065625398 ], [ -2.92450086532989, 53.406834722770697 ], [ -2.92274483225569, 53.4067275363143 ], [ -2.92090743196874, 53.406167011463602 ], [ -2.92186200842155, 53.405214618847097 ], [ -2.92970666186816, 53.404445415622902 ], [ -2.9320552582301, 53.404202969623 ], [ -2.93313972062256, 53.404091332865399 ], [ -2.93986490636048, 53.403249911439801 ], [ -2.9438090062549, 53.403745395731299 ], [ -2.94390477437159, 53.403992706753598 ], [ -2.94440562852771, 53.4054597780097 ], [ -2.9449475115634, 53.407019279153197 ], [ -2.94534391644069, 53.408213367364503 ], [ -2.9450054383476, 53.408391831290302 ], [ -2.94604377973097, 53.409753849726599 ], [ -2.94554518733193, 53.409861929164499 ], [ -2.94545943481119, 53.410205847162601 ], [ -2.94643302040055, 53.410229597724999 ], [ -2.94727184232742, 53.410870981097602 ], [ -2.9465397238092, 53.411479967299201 ], [ -2.94613632492504, 53.412126259206303 ], [ -2.94442787737702, 53.412263092516902 ], [ -2.94431982933402, 53.412275451619102 ], [ -2.94244301220201, 53.4124691285 ], [ -2.94223726927549, 53.412098466699298 ], [ -2.94184506687038, 53.412204542136998 ], [ -2.94155254315356, 53.411518612504999 ], [ -2.94068424132125, 53.411204291666202 ], [ -2.94075511297412, 53.410910274137102 ], [ -2.94054703013662, 53.410188989142803 ], [ -2.93976303905078, 53.410306830730498 ], [ -2.94097871348708, 53.412735693220803 ], [ -2.94104162726946, 53.4128694829366 ], [ -2.94154037298366, 53.412781241037202 ], [ -2.94217888130701, 53.412916253691499 ], [ -2.94292448067797, 53.414488736621898 ], [ -2.94457008887937, 53.414079304245 ], [ -2.94536112016662, 53.413777352968303 ], [ -2.94561996682025, 53.414553858496703 ], [ -2.94523294359551, 53.414624083615998 ], [ -2.94572882679993, 53.414754231132001 ], [ -2.94540386049326, 53.415026467035297 ], [ -2.94585098288693, 53.416191482514797 ], [ -2.94626604729892, 53.417266857900501 ], [ -2.94628584184303, 53.417318356114599 ], [ -2.94642365684333, 53.417614500554002 ], [ -2.94774057355331, 53.421126674299401 ], [ -2.94779037530963, 53.421263780442999 ], [ -2.94733387483707, 53.421408981808902 ], [ -2.9441007027192, 53.422164149670401 ], [ -2.94399998928396, 53.422178599226598 ], [ -2.94051063534286, 53.422570840977201 ], [ -2.940673122742, 53.422875468806602 ], [ -2.94138419114929, 53.423845818484203 ], [ -2.94253289747656, 53.424493924173497 ], [ -2.9444679804575, 53.4252631481178 ], [ -2.94454008078961, 53.425293679086998 ], [ -2.94275293798959, 53.426221236343999 ], [ -2.94205007699761, 53.426026502875402 ], [ -2.94314636360831, 53.425068365361298 ], [ -2.94298489969846, 53.424831589915797 ], [ -2.94031074708405, 53.426275673301298 ], [ -2.9400814741541, 53.4261156805605 ] ] ] } },
{ "type": "Feature", "properties": { "MSOA21CD": "E02001375", "MSOA21NM": "Liverpool 029" }, "geometry": { "type": "Polygon", "coordinates": [ [ [ -2.8992203558505, 53.4214978846408 ], [ -2.8990005187501, 53.420624426765698 ], [ -2.89666433108003, 53.421145697176499 ], [ -2.89558717317197, 53.420012181976603 ], [ -2.89807090031308, 53.419077622582599 ], [ -2.89943074073525, 53.418899061852102 ], [ -2.90128476893493, 53.417266346761998 ], [ -2.90076009730525, 53.416770509090703 ], [ -2.90014051202928, 53.416876846458898 ], [ -2.90006149801634, 53.416697663712903 ], [ -2.90127167018865, 53.4165136188617 ], [ -2.9009639568728, 53.416230720292603 ], [ -2.89777861738385, 53.414036137788798 ], [ -2.89825640548552, 53.4137092029491 ], [ -2.89955668196385, 53.413695295914501 ], [ -2.89983040307962, 53.413254575544599 ], [ -2.8994881126916, 53.413005214575001 ], [ -2.89925865674888, 53.412673902239 ], [ -2.90170546069803, 53.411903202000097 ], [ -2.90206577955462, 53.411660823635401 ], [ -2.90196983760254, 53.4110966142959 ], [ -2.90363663228443, 53.410636557745001 ], [ -2.90523212132697, 53.410881341116998 ], [ -2.90549931098341, 53.411520666034299 ], [ -2.90822778910145, 53.410669468795298 ], [ -2.90906422718691, 53.411126176412999 ], [ -2.90934271584817, 53.410946493079301 ], [ -2.91027177246815, 53.411478758683103 ], [ -2.91297431290447, 53.409680545586603 ], [ -2.91416405406468, 53.409544732585204 ], [ -2.91437136651852, 53.409755006833699 ], [ -2.91439287691177, 53.410212358556997 ], [ -2.91442520303468, 53.410900462040999 ], [ -2.91259850083866, 53.411816016827601 ], [ -2.9118643659886, 53.412241243990898 ], [ -2.9129965490324, 53.413014677054697 ], [ -2.9133749601781, 53.413423665452001 ], [ -2.91148771296001, 53.413747783428803 ], [ -2.91155369791892, 53.413995220728701 ], [ -2.91209878965979, 53.413899661774401 ], [ -2.91358593037509, 53.413790607136299 ], [ -2.91399015630984, 53.415241020133301 ], [ -2.91436732331311, 53.416535222946102 ], [ -2.91527902105866, 53.416500033667702 ], [ -2.9155882396297, 53.416067279695199 ], [ -2.91610856547484, 53.416447758612598 ], [ -2.91617911626426, 53.416870648118703 ], [ -2.91734622926806, 53.416792479086801 ], [ -2.91841608606029, 53.417313201466897 ], [ -2.91613375017881, 53.417528341397698 ], [ -2.9158231205733, 53.417276166056801 ], [ -2.91501576516454, 53.417321284994799 ], [ -2.91556633596654, 53.418432084299603 ], [ -2.91517546988609, 53.418452661443297 ], [ -2.91490595076719, 53.4178538889552 ], [ -2.91311884802601, 53.417974000693903 ], [ -2.91296670552053, 53.417193121035702 ], [ -2.91293219123944, 53.416986640354502 ], [ -2.91255686429783, 53.417025460033599 ], [ -2.91267737094711, 53.417734661628401 ], [ -2.91304736015371, 53.417742804267398 ], [ -2.91258787575679, 53.417771299985503 ], [ -2.9129978578539, 53.418192931446498 ], [ -2.90815788211051, 53.418172878169102 ], [ -2.90822853683177, 53.417854827842497 ], [ -2.90751213456946, 53.4180377687237 ], [ -2.90767462469722, 53.418471740846101 ], [ -2.90790101930125, 53.419259523917397 ], [ -2.90468423453281, 53.419995572609501 ], [ -2.8992203558505, 53.4214978846408 ] ] ] } },
{ "type": "Feature", "properties": { "MSOA21CD": "E02001376", "MSOA21NM": "Liverpool 030" }, "geometry": { "type": "Polygon", "coordinates": [ [ [ -2.94626604729892, 53.417266857900501 ], [ -2.94585098288693, 53.416191482514797 ], [ -2.94540386049326, 53.415026467035297 ], [ -2.94572882679993, 53.414754231132001 ], [ -2.94523294359551, 53.414624083615998 ], [ -2.94561996682025, 53.414553858496703 ], [ -2.94536112016662, 53.413777352968303 ], [ -2.94457008887937, 53.414079304245 ], [ -2.94292448067797, 53.414488736621898 ], [ -2.94217888130701, 53.412916253691499 ], [ -2.94154037298366, 53.412781241037202 ], [ -2.94104162726946, 53.4128694829366 ], [ -2.94097871348708, 53.412735693220803 ], [ -2.93976303905078, 53.410306830730498 ], [ -2.94054703013662, 53.410188989142803 ], [ -2.94075511297412, 53.410910274137102 ], [ -2.94068424132125, 53.411204291666202 ], [ -2.94155254315356, 53.411518612504999 ], [ -2.94184506687038, 53.412204542136998 ], [ -2.94223726927549, 53.412098466699298 ], [ -2.94244301220201, 53.4124691285 ], [ -2.94431982933402, 53.412275451619102 ], [ -2.94442787737702, 53.412263092516902 ], [ -2.94613632492504, 53.412126259206303 ], [ -2.9465397238092, 53.411479967299201 ], [ -2.94727184232742, 53.410870981097602 ], [ -2.94643302040055, 53.410229597724999 ], [ -2.94545943481119, 53.410205847162601 ], [ -2.94554518733193, 53.409861929164499 ], [ -2.94604377973097, 53.409753849726599 ], [ -2.9450054383476, 53.408391831290302 ], [ -2.94534391644069, 53.408213367364503 ], [ -2.94827970109793, 53.408147976863702 ], [ -2.94905509556401, 53.407983971701398 ], [ -2.94984614995772, 53.407746950589903 ], [ -2.95135524955423, 53.4073517083349 ], [ -2.95452024133739, 53.407314315721003 ], [ -2.95446047056819, 53.4087615722392 ], [ -2.95441417275076, 53.409860917244004 ], [ -2.95438630982512, 53.410454420944198 ], [ -2.95473816758993, 53.410466846740299 ], [ -2.95506612054011, 53.410455760771001 ], [ -2.95831701771099, 53.410501125386901 ], [ -2.95860681069953, 53.410474306835297 ], [ -2.96067446838358, 53.410316733226097 ], [ -2.96139166103494, 53.410526247936403 ], [ -2.95866839818976, 53.411067784540997 ], [ -2.95825715161059, 53.4113980220706 ], [ -2.95964543703889, 53.411215345981397 ], [ -2.95980649818009, 53.412387284743502 ], [ -2.95988369917738, 53.412692346843201 ], [ -2.96110056569249, 53.412537207857902 ], [ -2.9615574239658, 53.413501005199798 ], [ -2.96271826793744, 53.413350677653298 ], [ -2.96259247928824, 53.414151270519902 ], [ -2.96190573484356, 53.414389431147399 ], [ -2.95790617864743, 53.4156259748653 ], [ -2.95722229046929, 53.415858855430798 ], [ -2.95650386977092, 53.4161409438818 ], [ -2.95619369034761, 53.416259878944302 ], [ -2.95507242357646, 53.416683258512798 ], [ -2.95402083665242, 53.416672964680998 ], [ -2.95338475961891, 53.415891205359898 ], [ -2.95146498354179, 53.4162727791565 ], [ -2.95155230571361, 53.416553668144601 ], [ -2.9508637731208, 53.416646627073703 ], [ -2.95076189333957, 53.416930612920901 ], [ -2.95016641870646, 53.416741538565802 ], [ -2.94958606142294, 53.416609465217498 ], [ -2.94920022259351, 53.416442894347199 ], [ -2.94861125371301, 53.416831597027901 ], [ -2.94736291165904, 53.416615785573299 ], [ -2.94654489655174, 53.4169500433417 ], [ -2.94626604729892, 53.417266857900501 ] ] ] } },
{ "type": "Feature", "properties": { "MSOA21CD": "E02001377", "MSOA21NM": "Liverpool 031" }, "geometry": { "type": "Polygon", "coordinates": [ [ [ -2.96259247928824, 53.414151270519902 ], [ -2.96271826793744, 53.413350677653298 ], [ -2.9615574239658, 53.413501005199798 ], [ -2.96110056569249, 53.412537207857902 ], [ -2.95988369917738, 53.412692346843201 ], [ -2.95980649818009, 53.412387284743502 ], [ -2.95964543703889, 53.411215345981397 ], [ -2.95825715161059, 53.4113980220706 ], [ -2.95866839818976, 53.411067784540997 ], [ -2.96139166103494, 53.410526247936403 ], [ -2.96067446838358, 53.410316733226097 ], [ -2.95860681069953, 53.410474306835297 ], [ -2.95831701771099, 53.410501125386901 ], [ -2.95506612054011, 53.410455760771001 ], [ -2.95473816758993, 53.410466846740299 ], [ -2.95438630982512, 53.410454420944198 ], [ -2.95441417275076, 53.409860917244004 ], [ -2.95446047056819, 53.4087615722392 ], [ -2.95452024133739, 53.407314315721003 ], [ -2.95135524955423, 53.4073517083349 ], [ -2.94984614995772, 53.407746950589903 ], [ -2.94905509556401, 53.407983971701398 ], [ -2.94827970109793, 53.408147976863702 ], [ -2.94534391644069, 53.408213367364503 ], [ -2.9449475115634, 53.407019279153197 ], [ -2.94440562852771, 53.4054597780097 ], [ -2.94390477437159, 53.403992706753598 ], [ -2.9438090062549, 53.403745395731299 ], [ -2.94565225396433, 53.403912205192803 ], [ -2.94835568230538, 53.404130178640997 ], [ -2.94866587577417, 53.403064112838202 ], [ -2.94916950215279, 53.400344738828998 ], [ -2.9510803251208, 53.400006981478299 ], [ -2.95140661716212, 53.399674161088498 ], [ -2.95221378567307, 53.399716283492701 ], [ -2.95285861460359, 53.400423365827798 ], [ -2.95387897310866, 53.400191083510698 ], [ -2.95362898088898, 53.4007381690842 ], [ -2.95241124806436, 53.400668515791601 ], [ -2.95285837368681, 53.4017579149954 ], [ -2.95316195166115, 53.401848368772903 ], [ -2.95417862767079, 53.4010472319234 ], [ -2.95442682332397, 53.399822509169603 ], [ -2.95365483252405, 53.399436626881702 ], [ -2.95280571521039, 53.399566822149403 ], [ -2.95270997430236, 53.3983596846643 ], [ -2.95651601470413, 53.397691475226097 ], [ -2.9565295887247, 53.397689164364799 ], [ -2.95903943222569, 53.397322449133803 ], [ -2.96139666835361, 53.396992167955503 ], [ -2.96333286999037, 53.3967135643951 ], [ -2.96349306082269, 53.397130077774399 ], [ -2.9615876186489, 53.397440997907601 ], [ -2.96230401100491, 53.399197067505497 ], [ -2.96241454469261, 53.399429880212601 ], [ -2.9624584471065, 53.399614518314998 ], [ -2.9622945591546, 53.4007481404294 ], [ -2.96438282118697, 53.400672466468997 ], [ -2.96615891841536, 53.400730039775901 ], [ -2.96679560186363, 53.400949615207502 ], [ -2.96685836597917, 53.400400787194599 ], [ -2.96737005774251, 53.400414626419497 ], [ -2.96720387030729, 53.400956386409497 ], [ -2.96700261580726, 53.402182749818401 ], [ -2.96790742907591, 53.402538395887099 ], [ -2.96690114121715, 53.402910355598003 ], [ -2.96672869581855, 53.403970412727404 ], [ -2.96568978166637, 53.403924875695701 ], [ -2.96578101362313, 53.403303907388299 ], [ -2.96082887446418, 53.403042338155501 ], [ -2.96081004004208, 53.403070939311299 ], [ -2.96131025194164, 53.4030943912203 ], [ -2.96102611610342, 53.404164704068798 ], [ -2.96228440093066, 53.405598986575598 ], [ -2.96234982064999, 53.406237667412299 ], [ -2.96293451023963, 53.406228986046898 ], [ -2.97136359067893, 53.405663259564299 ], [ -2.97309007835204, 53.405527824205002 ], [ -2.97360257823132, 53.407788768857799 ], [ -2.97365042896408, 53.407865143353 ], [ -2.97456666291165, 53.409245865451503 ], [ -2.97155168177321, 53.408955828038799 ], [ -2.97049916086558, 53.408895593576197 ], [ -2.97009903441738, 53.408873118152101 ], [ -2.96824972947397, 53.408748761687399 ], [ -2.96783475082894, 53.410372024686701 ], [ -2.96784556747604, 53.410578849383803 ], [ -2.96793456063704, 53.411768294358801 ], [ -2.96696812453738, 53.4120971520193 ], [ -2.96559652227028, 53.412743784984997 ], [ -2.96464776556458, 53.413130998933198 ], [ -2.96259247928824, 53.414151270519902 ] ] ] } },
{ "type": "Feature", "properties": { "MSOA21CD": "E02001378", "MSOA21NM": "Liverpool 032" }, "geometry": { "type": "Polygon", "coordinates": [ [ [ -2.90523212132697, 53.410881341116998 ], [ -2.90518049776051, 53.410669090913601 ], [ -2.90493101103075, 53.410028044735697 ], [ -2.90390369113705, 53.409348896366502 ], [ -2.90506803972585, 53.408855689379301 ], [ -2.90489458440039, 53.408355629022303 ], [ -2.90390024138663, 53.408841895654902 ], [ -2.9030159486502, 53.4084975596096 ], [ -2.90393988136494, 53.407836189803099 ], [ -2.90877953591483, 53.407695485965199 ], [ -2.90947181475995, 53.407862891229598 ], [ -2.90895228253955, 53.407608311419203 ], [ -2.90844709681678, 53.407191074387399 ], [ -2.90502059353701, 53.407224508014302 ], [ -2.90445224952142, 53.405685402575898 ], [ -2.9064518569539, 53.405941020208303 ], [ -2.90858129561476, 53.4056517240166 ], [ -2.90818115848518, 53.403984582809599 ], [ -2.9081517763252, 53.403941218800398 ], [ -2.90642353060223, 53.402607788609302 ], [ -2.90572194157496, 53.4007187005353 ], [ -2.90691866336716, 53.400621607654202 ], [ -2.90971057984892, 53.399628369996002 ], [ -2.9099870307379, 53.398971195793401 ], [ -2.91026862046267, 53.3978699021878 ], [ -2.90989228593918, 53.3976558688395 ], [ -2.91015864817477, 53.397301218470702 ], [ -2.91297912317693, 53.397605106645003 ], [ -2.91310103073971, 53.3982071118877 ], [ -2.9138237869901, 53.398211038524998 ], [ -2.91452512588564, 53.397608125553901 ], [ -2.91533751571394, 53.397999316275602 ], [ -2.91615484380953, 53.397208735414502 ], [ -2.91676381594815, 53.3975767823014 ], [ -2.91746192541978, 53.397291825787399 ], [ -2.91776953212537, 53.398459476892697 ], [ -2.91864421183621, 53.398569625170602 ], [ -2.91854520854997, 53.398850568134399 ], [ -2.92048320858989, 53.399126582341701 ], [ -2.92033768349347, 53.399526789430801 ], [ -2.91984852782106, 53.399585515150001 ], [ -2.92049080268737, 53.399902216916203 ], [ -2.92149548952446, 53.399838217563698 ], [ -2.92083846068679, 53.4005774185758 ], [ -2.92158922375985, 53.400614305805099 ], [ -2.92088367720258, 53.402363425742301 ], [ -2.92081660591502, 53.402866039625998 ], [ -2.9196522001934, 53.403751268472398 ], [ -2.92117168942963, 53.4040478037412 ], [ -2.92105927224696, 53.404757866567898 ], [ -2.92199773608343, 53.404717160753599 ], [ -2.92234516193281, 53.404774932188502 ], [ -2.92186200842155, 53.405214618847097 ], [ -2.92090743196874, 53.406167011463602 ], [ -2.92274483225569, 53.4067275363143 ], [ -2.92303796275948, 53.408077051134697 ], [ -2.92374074302143, 53.408202413578998 ], [ -2.92360538185899, 53.408787197629799 ], [ -2.92268781032194, 53.408709469821197 ], [ -2.9212370818612, 53.409122357490098 ], [ -2.92089406452427, 53.4101300106678 ], [ -2.91837151524511, 53.409905007874201 ], [ -2.91771424156858, 53.410129696368102 ], [ -2.91740020104888, 53.409959105552701 ], [ -2.9165613699072, 53.409984925863903 ], [ -2.91610839936888, 53.410751040144902 ], [ -2.91439287691177, 53.410212358556997 ], [ -2.91437136651852, 53.409755006833699 ], [ -2.91416405406468, 53.409544732585204 ], [ -2.91297431290447, 53.409680545586603 ], [ -2.91027177246815, 53.411478758683103 ], [ -2.90934271584817, 53.410946493079301 ], [ -2.90906422718691, 53.411126176412999 ], [ -2.90822778910145, 53.410669468795298 ], [ -2.90549931098341, 53.411520666034299 ], [ -2.90523212132697, 53.410881341116998 ] ] ] } },
{ "type": "Feature", "properties": { "MSOA21CD": "E02001380", "MSOA21NM": "Liverpool 034" }, "geometry": { "type": "Polygon", "coordinates": [ [ [ -2.89231319966438, 53.410805874841301 ], [ -2.89099805575767, 53.408254793194203 ], [ -2.89053507264945, 53.406912397569798 ], [ -2.88838172501566, 53.407194010473901 ], [ -2.88379424711979, 53.407852517338 ], [ -2.88176617464853, 53.408007720634401 ], [ -2.88123240980388, 53.4069925600866 ], [ -2.88564564253103, 53.406651621392498 ], [ -2.89004053389452, 53.405767974758099 ], [ -2.88971867998776, 53.4052815454314 ], [ -2.89036461188279, 53.405473531973797 ], [ -2.89093002515294, 53.405251287184498 ], [ -2.88817971833879, 53.401853156145798 ], [ -2.88771105433671, 53.401607120600097 ], [ -2.88944637837317, 53.4019094782983 ], [ -2.8927021537992, 53.402139030533199 ], [ -2.8904878319886, 53.401509287269597 ], [ -2.88949755339835, 53.400433150169498 ], [ -2.88959459981962, 53.399969673527004 ], [ -2.88925774335101, 53.399713749991498 ], [ -2.8914800226698, 53.399036746654197 ], [ -2.89093983181958, 53.399633311209001 ], [ -2.89273448958258, 53.399204908397202 ], [ -2.89382333285523, 53.398966451041098 ], [ -2.89375956510306, 53.398645666794103 ], [ -2.89420341999828, 53.398556247526201 ], [ -2.89404759563091, 53.398250914949202 ], [ -2.89245429976533, 53.398527588805798 ], [ -2.89227027021875, 53.398114024085501 ], [ -2.89062121426596, 53.3983860844871 ], [ -2.89056670996064, 53.3979884110882 ], [ -2.8913517645499, 53.397710722192599 ], [ -2.89166024317829, 53.397069082974802 ], [ -2.89360295556585, 53.3966878378695 ], [ -2.8926294653388, 53.3958839467738 ], [ -2.89300605652455, 53.3956254657773 ], [ -2.89613228172352, 53.396930486273099 ], [ -2.89672213963693, 53.397423641756298 ], [ -2.89622522289433, 53.397815208060301 ], [ -2.89664628966364, 53.3981073619684 ], [ -2.89720114153016, 53.398031298888696 ], [ -2.8980295308699, 53.4002783843193 ], [ -2.89872691278754, 53.400168605396999 ], [ -2.90011689530769, 53.398875561710902 ], [ -2.90168213116809, 53.3982182280659 ], [ -2.90115344028648, 53.396869105044701 ], [ -2.90464606165291, 53.396626877806703 ], [ -2.90468929754222, 53.396528374584101 ], [ -2.90989228593918, 53.3976558688395 ], [ -2.91026862046267, 53.3978699021878 ], [ -2.9099870307379, 53.398971195793401 ], [ -2.90971057984892, 53.399628369996002 ], [ -2.90691866336716, 53.400621607654202 ], [ -2.90572194157496, 53.4007187005353 ], [ -2.90642353060223, 53.402607788609302 ], [ -2.9081517763252, 53.403941218800398 ], [ -2.90818115848518, 53.403984582809599 ], [ -2.90858129561476, 53.4056517240166 ], [ -2.9064518569539, 53.405941020208303 ], [ -2.90445224952142, 53.405685402575898 ], [ -2.90502059353701, 53.407224508014302 ], [ -2.90844709681678, 53.407191074387399 ], [ -2.90895228253955, 53.407608311419203 ], [ -2.90947181475995, 53.407862891229598 ], [ -2.90877953591483, 53.407695485965199 ], [ -2.90393988136494, 53.407836189803099 ], [ -2.9023955905904, 53.407668806327202 ], [ -2.90155109026203, 53.4070250857554 ], [ -2.90158441831013, 53.4072859345303 ], [ -2.90158875418398, 53.409029555651003 ], [ -2.89858399854155, 53.409589397852201 ], [ -2.89822383364618, 53.409649209600097 ], [ -2.89673364522285, 53.4099953082331 ], [ -2.8966189513674, 53.409577457344703 ], [ -2.89267010086659, 53.410062362448201 ], [ -2.89236345109216, 53.410970416020298 ], [ -2.89231319966438, 53.410805874841301 ] ] ] } },
{ "type": "Feature", "properties": { "MSOA21CD": "E02001381", "MSOA21NM": "Liverpool 035" }, "geometry": { "type": "Polygon", "coordinates": [ [ [ -2.92234516193281, 53.404774932188502 ], [ -2.92199773608343, 53.404717160753599 ], [ -2.92105927224696, 53.404757866567898 ], [ -2.92117168942963, 53.4040478037412 ], [ -2.9196522001934, 53.403751268472398 ], [ -2.92081660591502, 53.402866039625998 ], [ -2.92088367720258, 53.402363425742301 ], [ -2.92158922375985, 53.400614305805099 ], [ -2.92221204911201, 53.399193587418999 ], [ -2.92294012192553, 53.399776165455599 ], [ -2.92367371168202, 53.399440628715901 ], [ -2.92393100143778, 53.399717583415402 ], [ -2.9242490114268, 53.399524589326298 ], [ -2.9242375702563, 53.399801741275901 ], [ -2.92489737465255, 53.399798411076603 ], [ -2.92558820465679, 53.399880914410801 ], [ -2.92588239304592, 53.3994437202089 ], [ -2.92664378341235, 53.3997002086927 ], [ -2.92695869623225, 53.399737046797703 ], [ -2.92673148210845, 53.3999621107859 ], [ -2.92718043063427, 53.399848400566199 ], [ -2.92710209943023, 53.400064920245498 ], [ -2.92765640778089, 53.3999582296968 ], [ -2.92787375693798, 53.400203737190303 ], [ -2.9293438792278, 53.3994284078804 ], [ -2.92938451634917, 53.3989272101403 ], [ -2.92917394747249, 53.398694794371501 ], [ -2.93023887345647, 53.398734659696601 ], [ -2.93106487549923, 53.398159128478298 ], [ -2.9308312549753, 53.397954023446502 ], [ -2.92985098218375, 53.398149031561502 ], [ -2.92962454671376, 53.397692278972997 ], [ -2.93021815048224, 53.397338184833103 ], [ -2.93323054241994, 53.398064071326999 ], [ -2.93346111515934, 53.398321780403002 ], [ -2.93369501199147, 53.398364314496099 ], [ -2.93388907424798, 53.398155668620902 ], [ -2.93447942878165, 53.397184710018799 ], [ -2.93585411834956, 53.397341384497302 ], [ -2.93528811440095, 53.398332745957802 ], [ -2.93701963300512, 53.3989854911324 ], [ -2.93766663186204, 53.397963706167999 ], [ -2.93839655314787, 53.397869350197801 ], [ -2.93900121502604, 53.398014771894402 ], [ -2.9403330500802, 53.395944738333903 ], [ -2.94072085886744, 53.395842441815503 ], [ -2.94099689991973, 53.396110484660603 ], [ -2.94127489677556, 53.396202554112698 ], [ -2.94139550248246, 53.395954163221198 ], [ -2.94322984942214, 53.3964712485284 ], [ -2.94481938132643, 53.396939896410103 ], [ -2.94527845593152, 53.397083802867897 ], [ -2.94569488768701, 53.397214399695301 ], [ -2.9462428457371, 53.397388566222197 ], [ -2.94970082489683, 53.398539884053598 ], [ -2.94974912685681, 53.398555824258999 ], [ -2.95073300836834, 53.398725042139098 ], [ -2.95270997430236, 53.3983596846643 ], [ -2.95280571521039, 53.399566822149403 ], [ -2.95365483252405, 53.399436626881702 ], [ -2.95442682332397, 53.399822509169603 ], [ -2.95417862767079, 53.4010472319234 ], [ -2.95316195166115, 53.401848368772903 ], [ -2.95285837368681, 53.4017579149954 ], [ -2.95241124806436, 53.400668515791601 ], [ -2.95362898088898, 53.4007381690842 ], [ -2.95387897310866, 53.400191083510698 ], [ -2.95285861460359, 53.400423365827798 ], [ -2.95221378567307, 53.399716283492701 ], [ -2.95140661716212, 53.399674161088498 ], [ -2.9510803251208, 53.400006981478299 ], [ -2.94916950215279, 53.400344738828998 ], [ -2.94866587577417, 53.403064112838202 ], [ -2.94835568230538, 53.404130178640997 ], [ -2.94565225396433, 53.403912205192803 ], [ -2.9438090062549, 53.403745395731299 ], [ -2.93986490636048, 53.403249911439801 ], [ -2.93313972062256, 53.404091332865399 ], [ -2.9320552582301, 53.404202969623 ], [ -2.92970666186816, 53.404445415622902 ], [ -2.92186200842155, 53.405214618847097 ], [ -2.92234516193281, 53.404774932188502 ] ] ] } },
{ "type": "Feature", "properties": { "MSOA21CD": "E02001382", "MSOA21NM": "Liverpool 036" }, "geometry": { "type": "Polygon", "coordinates": [ [ [ -2.87980420177861, 53.405626466589197 ], [ -2.87905073163624, 53.404854101639302 ], [ -2.87773686735674, 53.4035029269061 ], [ -2.87536289929987, 53.400994840350499 ], [ -2.8727715447093, 53.401682679675602 ], [ -2.87228539645058, 53.400976653790103 ], [ -2.87145950121609, 53.400115222568502 ], [ -2.87178359910472, 53.400106109688501 ], [ -2.87128731345939, 53.399712133214699 ], [ -2.87169156562411, 53.4000162272308 ], [ -2.87265794988985, 53.399373004291299 ], [ -2.87452252093808, 53.4002846922847 ], [ -2.87725964178214, 53.400273632884698 ], [ -2.881010262043, 53.399987540876197 ], [ -2.87693413965796, 53.397495058718803 ], [ -2.87566068523616, 53.396608061043999 ], [ -2.8808680642283, 53.394671680821901 ], [ -2.8821177607572, 53.395186175678298 ], [ -2.88473680898384, 53.394573564042503 ], [ -2.88878887110379, 53.394647949322902 ], [ -2.89005958959663, 53.394568798910299 ], [ -2.89015035055938, 53.394560357002803 ], [ -2.88934012381965, 53.392893653028302 ], [ -2.88918893244968, 53.392542181261298 ], [ -2.89000403920622, 53.392592891031804 ], [ -2.88995458163511, 53.392933962988103 ], [ -2.89194199001768, 53.3930158218404 ], [ -2.89206552206825, 53.392732264333503 ], [ -2.8925255893194, 53.392748211354103 ], [ -2.89297669407112, 53.391644884920403 ], [ -2.89505831412307, 53.391952914720697 ], [ -2.89419744900713, 53.394074573083202 ], [ -2.89537949643048, 53.393962015158699 ], [ -2.89525730403595, 53.394270546072597 ], [ -2.8975416584501, 53.394199489512999 ], [ -2.89581258784412, 53.396392751287998 ], [ -2.89641627968258, 53.396572507737403 ], [ -2.89613228172352, 53.396930486273099 ], [ -2.89300605652455, 53.3956254657773 ], [ -2.8926294653388, 53.3958839467738 ], [ -2.89360295556585, 53.3966878378695 ], [ -2.89166024317829, 53.397069082974802 ], [ -2.8913517645499, 53.397710722192599 ], [ -2.89056670996064, 53.3979884110882 ], [ -2.89062121426596, 53.3983860844871 ], [ -2.89227027021875, 53.398114024085501 ], [ -2.89245429976533, 53.398527588805798 ], [ -2.89404759563091, 53.398250914949202 ], [ -2.89420341999828, 53.398556247526201 ], [ -2.89375956510306, 53.398645666794103 ], [ -2.89382333285523, 53.398966451041098 ], [ -2.89273448958258, 53.399204908397202 ], [ -2.89093983181958, 53.399633311209001 ], [ -2.8914800226698, 53.399036746654197 ], [ -2.88925774335101, 53.399713749991498 ], [ -2.88959459981962, 53.399969673527004 ], [ -2.88949755339835, 53.400433150169498 ], [ -2.8904878319886, 53.401509287269597 ], [ -2.8927021537992, 53.402139030533199 ], [ -2.88944637837317, 53.4019094782983 ], [ -2.88771105433671, 53.401607120600097 ], [ -2.88817971833879, 53.401853156145798 ], [ -2.89093002515294, 53.405251287184498 ], [ -2.89036461188279, 53.405473531973797 ], [ -2.88971867998776, 53.4052815454314 ], [ -2.89004053389452, 53.405767974758099 ], [ -2.88564564253103, 53.406651621392498 ], [ -2.88123240980388, 53.4069925600866 ], [ -2.88079227531577, 53.406648077234998 ], [ -2.87980420177861, 53.405626466589197 ] ] ] } },
{ "type": "Feature", "properties": { "MSOA21CD": "E02001383", "MSOA21NM": "Liverpool 037" }, "geometry": { "type": "Polygon", "coordinates": [ [ [ -2.96932892299436, 53.402251547778398 ], [ -2.96890723408359, 53.401817372538197 ], [ -2.96942241554511, 53.4013777833514 ], [ -2.96884872322559, 53.401283558579003 ], [ -2.96738208240531, 53.400944871834497 ], [ -2.96720387030729, 53.400956386409497 ], [ -2.96737005774251, 53.400414626419497 ], [ -2.96685836597917, 53.400400787194599 ], [ -2.96679560186363, 53.400949615207502 ], [ -2.96615891841536, 53.400730039775901 ], [ -2.96438282118697, 53.400672466468997 ], [ -2.9622945591546, 53.4007481404294 ], [ -2.9624584471065, 53.399614518314998 ], [ -2.96241454469261, 53.399429880212601 ], [ -2.96230401100491, 53.399197067505497 ], [ -2.9615876186489, 53.397440997907601 ], [ -2.96349306082269, 53.397130077774399 ], [ -2.96333286999037, 53.3967135643951 ], [ -2.96139666835361, 53.396992167955503 ], [ -2.96090399034599, 53.395801525023799 ], [ -2.96360496699384, 53.395421617555698 ], [ -2.96346007152403, 53.395108119641499 ], [ -2.9628655248357, 53.395179700744798 ], [ -2.96312651088345, 53.394625702752997 ], [ -2.96368693265846, 53.3944025772822 ], [ -2.9616848347541, 53.393453027386101 ], [ -2.96108064734117, 53.393665843425403 ], [ -2.96055840690703, 53.393372812784897 ], [ -2.95994759817483, 53.393446608958399 ], [ -2.95930963959279, 53.392314530112301 ], [ -2.95915455273283, 53.392237987867603 ], [ -2.95982440574649, 53.391746169635098 ], [ -2.96047203244974, 53.391310536393398 ], [ -2.96173579889237, 53.390389020815903 ], [ -2.96224759150848, 53.390028843493397 ], [ -2.96238407175457, 53.3903015108394 ], [ -2.96274211995524, 53.391057839664597 ], [ -2.9629218355037, 53.391437710591703 ], [ -2.96309110026949, 53.391808128268998 ], [ -2.9623721258623, 53.392202651274701 ], [ -2.9627212742057, 53.392362135333897 ], [ -2.96235681861898, 53.392649370261402 ], [ -2.96333231082725, 53.392678944965198 ], [ -2.96355041406651, 53.3931195136581 ], [ -2.96422495244439, 53.393024187042101 ], [ -2.9641642641658, 53.392088149269902 ], [ -2.96516979113349, 53.391983496075099 ], [ -2.96323544534707, 53.392027220647797 ], [ -2.96722790576485, 53.391356885842399 ], [ -2.96885499940908, 53.392925793903203 ], [ -2.9696803942013, 53.392808472726401 ], [ -2.97099093025537, 53.394506038403499 ], [ -2.97431844945383, 53.393936105971498 ], [ -2.97373210508154, 53.393473425876202 ], [ -2.97195619400854, 53.392440216929401 ], [ -2.97435254659446, 53.3920162012774 ], [ -2.97423814798008, 53.391778189705803 ], [ -2.97472210213864, 53.391644082810402 ], [ -2.97538725954377, 53.3918909040543 ], [ -2.97542883960207, 53.391557630841902 ], [ -2.97592856848381, 53.391490187218501 ], [ -2.97643488840779, 53.392137687837398 ], [ -2.97700154663299, 53.392120417927998 ], [ -2.9776023152583, 53.393400919108203 ], [ -2.98077800950857, 53.3928625294471 ], [ -2.98104647029655, 53.393439965074798 ], [ -2.97946010868175, 53.393754251997102 ], [ -2.97963312071558, 53.394085423541803 ], [ -2.98068017225434, 53.395802706348398 ], [ -2.98148778570824, 53.395607308963399 ], [ -2.98175021494487, 53.395901787330601 ], [ -2.9820878363425, 53.396195647201303 ], [ -2.98328323785456, 53.397165608357703 ], [ -2.98186986601915, 53.397833419534997 ], [ -2.98199078817885, 53.398044609093098 ], [ -2.98216818660822, 53.3983792913928 ], [ -2.98128423196718, 53.397974375755098 ], [ -2.98079672250609, 53.3982557215325 ], [ -2.98111305154854, 53.399137111840702 ], [ -2.98059125369101, 53.399464818003302 ], [ -2.97886775468617, 53.399398889676696 ], [ -2.97877349815625, 53.399060672177903 ], [ -2.97759679375769, 53.399567255271201 ], [ -2.97688660522425, 53.400173889857797 ], [ -2.97637623053738, 53.399622276986896 ], [ -2.97569078693319, 53.398848375577003 ], [ -2.97622160009034, 53.398976195482398 ], [ -2.97619768840289, 53.3977354817278 ], [ -2.9760191601117, 53.397908645974802 ], [ -2.97510343427772, 53.397667524243303 ], [ -2.97446082650346, 53.3980738417428 ], [ -2.97450585135873, 53.399140825796003 ], [ -2.97297944183334, 53.399537412666199 ], [ -2.97283738532942, 53.400082038003902 ], [ -2.97166183186822, 53.399921778026098 ], [ -2.97161441659939, 53.400176285079397 ], [ -2.97243640036991, 53.400244638724303 ], [ -2.97268006816197, 53.400652178243803 ], [ -2.97110603607265, 53.400315726773002 ], [ -2.97045082398183, 53.401555338028601 ], [ -2.97008904201793, 53.402151643597598 ], [ -2.96949768298762, 53.402042347525501 ], [ -2.96932892299436, 53.402251547778398 ] ] ] } },
{ "type": "Feature", "properties": { "MSOA21CD": "E02001384", "MSOA21NM": "Liverpool 038" }, "geometry": { "type": "Polygon", "coordinates": [ [ [ -2.92787375693798, 53.400203737190303 ], [ -2.92765640778089, 53.3999582296968 ], [ -2.92710209943023, 53.400064920245498 ], [ -2.92718043063427, 53.399848400566199 ], [ -2.92673148210845, 53.3999621107859 ], [ -2.92695869623225, 53.399737046797703 ], [ -2.92664378341235, 53.3997002086927 ], [ -2.92588239304592, 53.3994437202089 ], [ -2.92558820465679, 53.399880914410801 ], [ -2.92489737465255, 53.399798411076603 ], [ -2.9242375702563, 53.399801741275901 ], [ -2.9242490114268, 53.399524589326298 ], [ -2.92393100143778, 53.399717583415402 ], [ -2.92367371168202, 53.399440628715901 ], [ -2.92294012192553, 53.399776165455599 ], [ -2.92221204911201, 53.399193587418999 ], [ -2.92293683562231, 53.395508297179703 ], [ -2.92294942859721, 53.395309889524597 ], [ -2.92300691637864, 53.394425517055801 ], [ -2.92327160800732, 53.3900738158123 ], [ -2.92356614698591, 53.390094525140697 ], [ -2.92446363857032, 53.390030825602601 ], [ -2.92544615642795, 53.389542886609298 ], [ -2.92617214339443, 53.389475144077601 ], [ -2.92613234378863, 53.389790973867903 ], [ -2.92669251306104, 53.389662526424502 ], [ -2.92634926697327, 53.389089909200699 ], [ -2.92476583351448, 53.389426182941399 ], [ -2.92429246384831, 53.3886740556676 ], [ -2.92519032760059, 53.3884937817257 ], [ -2.92573249608438, 53.388384578801997 ], [ -2.92542420079668, 53.3880364061691 ], [ -2.9258501167257, 53.387891779064198 ], [ -2.92595337262491, 53.3880941420909 ], [ -2.92687191840072, 53.387804392238102 ], [ -2.9277428221275, 53.388527767553803 ], [ -2.92840025710978, 53.3880986349022 ], [ -2.92864940146639, 53.388957414293102 ], [ -2.92790404658616, 53.389809641427398 ], [ -2.92883882089002, 53.389982768657099 ], [ -2.93004499126826, 53.3903196377466 ], [ -2.93109511832547, 53.390895731558601 ], [ -2.93111709093305, 53.390910346899901 ], [ -2.93194756576051, 53.391459568768902 ], [ -2.93433738402517, 53.391243822611202 ], [ -2.93398327806118, 53.391682821235499 ], [ -2.93318508327558, 53.391814899930203 ], [ -2.93331797892509, 53.392055457511603 ], [ -2.93368005652961, 53.392276060163198 ], [ -2.9353206871212, 53.391657284030899 ], [ -2.93592218030222, 53.392188256412098 ], [ -2.93716994463192, 53.3919153248996 ], [ -2.93905516449131, 53.392621010806401 ], [ -2.93997306879782, 53.393343147641403 ], [ -2.93738329458506, 53.394438053848702 ], [ -2.93732451432145, 53.3947061045872 ], [ -2.938816762865, 53.3952161395163 ], [ -2.94139550248246, 53.395954163221198 ], [ -2.94127489677556, 53.396202554112698 ], [ -2.94099689991973, 53.396110484660603 ], [ -2.94072085886744, 53.395842441815503 ], [ -2.9403330500802, 53.395944738333903 ], [ -2.93900121502604, 53.398014771894402 ], [ -2.93839655314787, 53.397869350197801 ], [ -2.93766663186204, 53.397963706167999 ], [ -2.93701963300512, 53.3989854911324 ], [ -2.93528811440095, 53.398332745957802 ], [ -2.93585411834956, 53.397341384497302 ], [ -2.93447942878165, 53.397184710018799 ], [ -2.93388907424798, 53.398155668620902 ], [ -2.93369501199147, 53.398364314496099 ], [ -2.93346111515934, 53.398321780403002 ], [ -2.93323054241994, 53.398064071326999 ], [ -2.93021815048224, 53.397338184833103 ], [ -2.92962454671376, 53.397692278972997 ], [ -2.92985098218375, 53.398149031561502 ], [ -2.9308312549753, 53.397954023446502 ], [ -2.93106487549923, 53.398159128478298 ], [ -2.93023887345647, 53.398734659696601 ], [ -2.92917394747249, 53.398694794371501 ], [ -2.92938451634917, 53.3989272101403 ], [ -2.9293438792278, 53.3994284078804 ], [ -2.92787375693798, 53.400203737190303 ] ] ] } },
{ "type": "Feature", "properties": { "MSOA21CD": "E02001385", "MSOA21NM": "Liverpool 039" }, "geometry": { "type": "Polygon", "coordinates": [ [ [ -2.94139550248246, 53.395954163221198 ], [ -2.938816762865, 53.3952161395163 ], [ -2.93732451432145, 53.3947061045872 ], [ -2.93738329458506, 53.394438053848702 ], [ -2.93997306879782, 53.393343147641403 ], [ -2.94110365615941, 53.393701729236298 ], [ -2.94364322811397, 53.393857042650602 ], [ -2.94388882086702, 53.391390792612 ], [ -2.94443497042514, 53.391293423373803 ], [ -2.9447918761708, 53.391364491504298 ], [ -2.94508601860984, 53.391084152385197 ], [ -2.9449879237073, 53.389977732855897 ], [ -2.94904994241407, 53.390458097766398 ], [ -2.94940076292752, 53.390416543552 ], [ -2.9493539329464, 53.391155976271797 ], [ -2.94938324342821, 53.391559350541797 ], [ -2.9539106822059, 53.390862725946398 ], [ -2.95468409903844, 53.390412503572001 ], [ -2.95535495061408, 53.3904436666066 ], [ -2.95544555915625, 53.390460920262903 ], [ -2.95543361064959, 53.391095467241698 ], [ -2.95644133242692, 53.391279933823299 ], [ -2.95643934200851, 53.391779874280601 ], [ -2.95729842716636, 53.391732064166099 ], [ -2.95644775146845, 53.392034192268802 ], [ -2.95707675146671, 53.3929140988486 ], [ -2.95713983728593, 53.393029478815997 ], [ -2.95855737803611, 53.392623510650601 ], [ -2.95907534459654, 53.392750860398202 ], [ -2.95930963959279, 53.392314530112301 ], [ -2.95994759817483, 53.393446608958399 ], [ -2.96055840690703, 53.393372812784897 ], [ -2.96108064734117, 53.393665843425403 ], [ -2.9616848347541, 53.393453027386101 ], [ -2.96368693265846, 53.3944025772822 ], [ -2.96312651088345, 53.394625702752997 ], [ -2.9628655248357, 53.395179700744798 ], [ -2.96346007152403, 53.395108119641499 ], [ -2.96360496699384, 53.395421617555698 ], [ -2.96090399034599, 53.395801525023799 ], [ -2.96139666835361, 53.396992167955503 ], [ -2.95903943222569, 53.397322449133803 ], [ -2.9565295887247, 53.397689164364799 ], [ -2.95651601470413, 53.397691475226097 ], [ -2.95270997430236, 53.3983596846643 ], [ -2.95073300836834, 53.398725042139098 ], [ -2.94974912685681, 53.398555824258999 ], [ -2.94970082489683, 53.398539884053598 ], [ -2.9462428457371, 53.397388566222197 ], [ -2.94569488768701, 53.397214399695301 ], [ -2.94527845593152, 53.397083802867897 ], [ -2.94481938132643, 53.396939896410103 ], [ -2.94322984942214, 53.3964712485284 ], [ -2.94139550248246, 53.395954163221198 ] ] ] } },
{ "type": "Feature", "properties": { "MSOA21CD": "E02001386", "MSOA21NM": "Liverpool 040" }, "geometry": { "type": "Polygon", "coordinates": [ [ [ -2.87452252093808, 53.4002846922847 ], [ -2.87265794988985, 53.399373004291299 ], [ -2.87169156562411, 53.4000162272308 ], [ -2.87128731345939, 53.399712133214699 ], [ -2.87178359910472, 53.400106109688501 ], [ -2.87145950121609, 53.400115222568502 ], [ -2.87045564139358, 53.399323904304097 ], [ -2.86783082079204, 53.3988682657304 ], [ -2.86428929651718, 53.397737063973601 ], [ -2.86032801075278, 53.3964327502432 ], [ -2.85815228653374, 53.395699062840698 ], [ -2.85644429909747, 53.395061758759503 ], [ -2.85558873698235, 53.395064419668401 ], [ -2.85428632455089, 53.395584810944101 ], [ -2.84974180208989, 53.397321903875998 ], [ -2.84798809970744, 53.396967624748797 ], [ -2.84864316375109, 53.395801059561897 ], [ -2.84930590733972, 53.392785352284697 ], [ -2.84955121728676, 53.391756477775402 ], [ -2.84930270001257, 53.389913600894403 ], [ -2.84936803425505, 53.389711778737599 ], [ -2.85280246812082, 53.390445145023897 ], [ -2.85439977702625, 53.389547933882 ], [ -2.85355308531871, 53.389479495622602 ], [ -2.853527687893, 53.388975734530099 ], [ -2.85161291620427, 53.3883907930785 ], [ -2.85141295624289, 53.3878480325398 ], [ -2.85195127104872, 53.386987320432603 ], [ -2.85174694325357, 53.386498604591303 ], [ -2.8500813299956, 53.386686968576399 ], [ -2.85031596697157, 53.3860609320244 ], [ -2.851307558754, 53.386116138035497 ], [ -2.85186692254418, 53.384498983692801 ], [ -2.85334100774681, 53.384483713147802 ], [ -2.85447164184745, 53.3832055004072 ], [ -2.85302847141989, 53.382897603912603 ], [ -2.8537788670345, 53.381977189680001 ], [ -2.85457234589947, 53.382331305160797 ], [ -2.85501879325707, 53.383114173539802 ], [ -2.85517899862495, 53.382549820190498 ], [ -2.85676880172689, 53.382342716718497 ], [ -2.85898900248725, 53.384148041374701 ], [ -2.86021821663156, 53.385113329071601 ], [ -2.86122700256159, 53.385932168929401 ], [ -2.86281723216393, 53.387214708612902 ], [ -2.86636626907949, 53.390019768553998 ], [ -2.86643372988514, 53.390065966503798 ], [ -2.86709212267443, 53.390516169451601 ], [ -2.86973962017282, 53.392348455927802 ], [ -2.86988807022805, 53.392453893761697 ], [ -2.87179335421258, 53.393806549018201 ], [ -2.87230007854591, 53.394168048238399 ], [ -2.8756320179808, 53.396587409698199 ], [ -2.87566068523616, 53.396608061043999 ], [ -2.87693413965796, 53.397495058718803 ], [ -2.881010262043, 53.399987540876197 ], [ -2.87725964178214, 53.400273632884698 ], [ -2.87452252093808, 53.4002846922847 ] ] ] } },
{ "type": "Feature", "properties": { "MSOA21CD": "E02001387", "MSOA21NM": "Liverpool 041" }, "geometry": { "type": "Polygon", "coordinates": [ [ [ -2.8980295308699, 53.4002783843193 ], [ -2.89720114153016, 53.398031298888696 ], [ -2.89664628966364, 53.3981073619684 ], [ -2.89622522289433, 53.397815208060301 ], [ -2.89672213963693, 53.397423641756298 ], [ -2.89613228172352, 53.396930486273099 ], [ -2.89641627968258, 53.396572507737403 ], [ -2.89581258784412, 53.396392751287998 ], [ -2.8975416584501, 53.394199489512999 ], [ -2.89525730403595, 53.394270546072597 ], [ -2.89537949643048, 53.393962015158699 ], [ -2.89419744900713, 53.394074573083202 ], [ -2.89505831412307, 53.391952914720697 ], [ -2.89555032640115, 53.392024629410201 ], [ -2.89561361723518, 53.391619960371202 ], [ -2.89435447050734, 53.391329126815798 ], [ -2.89483914286049, 53.390597814735301 ], [ -2.89470428548164, 53.389481622624999 ], [ -2.89714588018566, 53.3900397460677 ], [ -2.89840026159492, 53.388557104278703 ], [ -2.89773379463201, 53.3884535623395 ], [ -2.8978178885271, 53.387933412964401 ], [ -2.8990785833179, 53.386914037125798 ], [ -2.89892281508407, 53.386650159265997 ], [ -2.89798126047086, 53.387095997372199 ], [ -2.89589317547237, 53.386733348626599 ], [ -2.89590452759324, 53.385177230240799 ], [ -2.89550775943223, 53.385091654738602 ], [ -2.89524692026193, 53.386004429876699 ], [ -2.89455449264261, 53.385961234658801 ], [ -2.89436245945379, 53.3858593372724 ], [ -2.89107343610902, 53.386093789614002 ], [ -2.88995434141287, 53.384348770426399 ], [ -2.89268150803904, 53.383873571582598 ], [ -2.89336555314636, 53.383715655797801 ], [ -2.89555788219951, 53.384327403979803 ], [ -2.89897235626304, 53.384597789982202 ], [ -2.90068467386408, 53.384449472751299 ], [ -2.90352875055361, 53.384443792338303 ], [ -2.90594358241692, 53.383794651565402 ], [ -2.90694485393365, 53.384501634405197 ], [ -2.90729271299492, 53.385644440409003 ], [ -2.90774134185494, 53.385555058998399 ], [ -2.90780508544881, 53.386063396978201 ], [ -2.90868687778945, 53.386442196763397 ], [ -2.90873112155091, 53.3864835590052 ], [ -2.90973650263722, 53.387139422469602 ], [ -2.91168281940752, 53.385953662849701 ], [ -2.91226816748767, 53.385953261545502 ], [ -2.91246820601715, 53.386129333543899 ], [ -2.91316339718129, 53.386747220623 ], [ -2.91324426922471, 53.387266606852101 ], [ -2.91194689413007, 53.3879102903744 ], [ -2.91182346305353, 53.388313250005403 ], [ -2.91309857595215, 53.3884873386232 ], [ -2.91305817125989, 53.388690899002199 ], [ -2.91331998600145, 53.388731721670297 ], [ -2.91318002727908, 53.388790686584798 ], [ -2.91266275007693, 53.389261606129502 ], [ -2.91335536284174, 53.389873102647101 ], [ -2.91116560620109, 53.390752063772801 ], [ -2.9108760120089, 53.391168315003199 ], [ -2.91164095726551, 53.391307005717003 ], [ -2.91202687316667, 53.392247178657399 ], [ -2.91109474250044, 53.392599465206402 ], [ -2.91068085779802, 53.392478203127801 ], [ -2.90982956464198, 53.392829567450597 ], [ -2.90914647644911, 53.392181893266702 ], [ -2.90849308766769, 53.392440749134202 ], [ -2.90921279507563, 53.393085964301903 ], [ -2.90892821181715, 53.393257891153198 ], [ -2.91009518586962, 53.393412976732598 ], [ -2.91057393273848, 53.393859552428403 ], [ -2.9106731490169, 53.393950177578397 ], [ -2.91067989730781, 53.393956337484703 ], [ -2.91539318853272, 53.395044389306499 ], [ -2.91525170287985, 53.396956466391003 ], [ -2.91615484380953, 53.397208735414502 ], [ -2.91533751571394, 53.397999316275602 ], [ -2.91452512588564, 53.397608125553901 ], [ -2.9138237869901, 53.398211038524998 ], [ -2.91310103073971, 53.3982071118877 ], [ -2.91297912317693, 53.397605106645003 ], [ -2.91015864817477, 53.397301218470702 ], [ -2.90989228593918, 53.3976558688395 ], [ -2.90468929754222, 53.396528374584101 ], [ -2.90464606165291, 53.396626877806703 ], [ -2.90115344028648, 53.396869105044701 ], [ -2.90168213116809, 53.3982182280659 ], [ -2.90011689530769, 53.398875561710902 ], [ -2.89872691278754, 53.400168605396999 ], [ -2.8980295308699, 53.4002783843193 ] ] ] } },
{ "type": "Feature", "properties": { "MSOA21CD": "E02001388", "MSOA21NM": "Liverpool 042" }, "geometry": { "type": "Polygon", "coordinates": [ [ [ -2.92083846068679, 53.4005774185758 ], [ -2.92149548952446, 53.399838217563698 ], [ -2.92049080268737, 53.399902216916203 ], [ -2.91984852782106, 53.399585515150001 ], [ -2.92033768349347, 53.399526789430801 ], [ -2.92048320858989, 53.399126582341701 ], [ -2.91854520854997, 53.398850568134399 ], [ -2.91864421183621, 53.398569625170602 ], [ -2.91776953212537, 53.398459476892697 ], [ -2.91746192541978, 53.397291825787399 ], [ -2.91676381594815, 53.3975767823014 ], [ -2.91615484380953, 53.397208735414502 ], [ -2.91525170287985, 53.396956466391003 ], [ -2.91539318853272, 53.395044389306499 ], [ -2.91067989730781, 53.393956337484703 ], [ -2.9106731490169, 53.393950177578397 ], [ -2.91057393273848, 53.393859552428403 ], [ -2.91009518586962, 53.393412976732598 ], [ -2.90892821181715, 53.393257891153198 ], [ -2.90921279507563, 53.393085964301903 ], [ -2.90849308766769, 53.392440749134202 ], [ -2.90914647644911, 53.392181893266702 ], [ -2.90982956464198, 53.392829567450597 ], [ -2.91068085779802, 53.392478203127801 ], [ -2.91109474250044, 53.392599465206402 ], [ -2.91202687316667, 53.392247178657399 ], [ -2.91164095726551, 53.391307005717003 ], [ -2.9108760120089, 53.391168315003199 ], [ -2.91116560620109, 53.390752063772801 ], [ -2.91335536284174, 53.389873102647101 ], [ -2.91266275007693, 53.389261606129502 ], [ -2.91318002727908, 53.388790686584798 ], [ -2.91331998600145, 53.388731721670297 ], [ -2.91305817125989, 53.388690899002199 ], [ -2.91309857595215, 53.3884873386232 ], [ -2.91182346305353, 53.388313250005403 ], [ -2.91194689413007, 53.3879102903744 ], [ -2.91324426922471, 53.387266606852101 ], [ -2.91316339718129, 53.386747220623 ], [ -2.91387503945572, 53.386933413645899 ], [ -2.91542722364512, 53.386072632519898 ], [ -2.91611448964053, 53.386526097359102 ], [ -2.91724755578033, 53.385899035241202 ], [ -2.91789515638539, 53.3855251885131 ], [ -2.9174201422629, 53.385300512415803 ], [ -2.91903395277784, 53.384646630892703 ], [ -2.91913146806279, 53.384834949082503 ], [ -2.91945651653623, 53.384649062037198 ], [ -2.91987293163103, 53.384522551336403 ], [ -2.91872600977234, 53.383202519594697 ], [ -2.91866507121854, 53.383130420432998 ], [ -2.92273904759716, 53.381533928036099 ], [ -2.92332660155096, 53.382105706866398 ], [ -2.92590533516016, 53.382263917110599 ], [ -2.92597639391773, 53.382864807943797 ], [ -2.9267514294325, 53.383266314569397 ], [ -2.92651119897155, 53.384521446083603 ], [ -2.92803515277842, 53.384909909189901 ], [ -2.92817980890679, 53.385300451424598 ], [ -2.92566015791789, 53.385308133925399 ], [ -2.92572126457749, 53.385991323886799 ], [ -2.92635961474472, 53.386443679317402 ], [ -2.92751164801537, 53.386509055987297 ], [ -2.92843795320754, 53.3874991543791 ], [ -2.92840025710978, 53.3880986349022 ], [ -2.9277428221275, 53.388527767553803 ], [ -2.92687191840072, 53.387804392238102 ], [ -2.92595337262491, 53.3880941420909 ], [ -2.9258501167257, 53.387891779064198 ], [ -2.92542420079668, 53.3880364061691 ], [ -2.92573249608438, 53.388384578801997 ], [ -2.92519032760059, 53.3884937817257 ], [ -2.92429246384831, 53.3886740556676 ], [ -2.92476583351448, 53.389426182941399 ], [ -2.92634926697327, 53.389089909200699 ], [ -2.92669251306104, 53.389662526424502 ], [ -2.92613234378863, 53.389790973867903 ], [ -2.92617214339443, 53.389475144077601 ], [ -2.92544615642795, 53.389542886609298 ], [ -2.92446363857032, 53.390030825602601 ], [ -2.92356614698591, 53.390094525140697 ], [ -2.92327160800732, 53.3900738158123 ], [ -2.92300691637864, 53.394425517055801 ], [ -2.92294942859721, 53.395309889524597 ], [ -2.92293683562231, 53.395508297179703 ], [ -2.92221204911201, 53.399193587418999 ], [ -2.92158922375985, 53.400614305805099 ], [ -2.92083846068679, 53.4005774185758 ] ] ] } },
{ "type": "Feature", "properties": { "MSOA21CD": "E02001389", "MSOA21NM": "Liverpool 043" }, "geometry": { "type": "Polygon", "coordinates": [ [ [ -2.93905516449131, 53.392621010806401 ], [ -2.93949239375137, 53.391154852496001 ], [ -2.94001464108075, 53.390833740881298 ], [ -2.94118245786527, 53.390867286068399 ], [ -2.9412227140925, 53.389506823826302 ], [ -2.94194323951814, 53.389201094297903 ], [ -2.94264780936356, 53.389314111586899 ], [ -2.94228382006138, 53.388902454553403 ], [ -2.94274625597663, 53.388712219272001 ], [ -2.94240186600571, 53.388191410103197 ], [ -2.94465877431141, 53.387508424191601 ], [ -2.94590063024167, 53.386554778213799 ], [ -2.94653183136186, 53.386540792139101 ], [ -2.94773688828959, 53.385401806292798 ], [ -2.94742522481212, 53.385173094156301 ], [ -2.94689107579812, 53.385350748946202 ], [ -2.9458800874986, 53.384271783486703 ], [ -2.94663303558609, 53.384082943536001 ], [ -2.94672675913914, 53.384154605910901 ], [ -2.94976270121629, 53.383623049162303 ], [ -2.94939525586302, 53.382982628734197 ], [ -2.94916577773628, 53.382647760800303 ], [ -2.94976375180292, 53.382464137411503 ], [ -2.94860337222631, 53.380304045380001 ], [ -2.94901245961726, 53.379497622419201 ], [ -2.94904269614156, 53.379870236196197 ], [ -2.94990098214765, 53.380066324044101 ], [ -2.95064092976219, 53.3796416639996 ], [ -2.95185874109577, 53.380103194202498 ], [ -2.95216383900808, 53.380218869456201 ], [ -2.95224624413, 53.380250168561503 ], [ -2.95426438210783, 53.381011344772602 ], [ -2.95503983763111, 53.381256606846897 ], [ -2.95602096286501, 53.381681963194097 ], [ -2.95531087924342, 53.382189752882802 ], [ -2.95505475777163, 53.3824100079134 ], [ -2.95555765617081, 53.382711612611601 ], [ -2.95583545884765, 53.383032994047198 ], [ -2.9550308468345, 53.384028210197201 ], [ -2.95611862785276, 53.384666871892001 ], [ -2.9572127675523, 53.3845911366097 ], [ -2.95898062600506, 53.386575627026403 ], [ -2.95901442145358, 53.386674994046203 ], [ -2.96033550135106, 53.386583486517402 ], [ -2.95898848443434, 53.387510916637602 ], [ -2.96063811459018, 53.388354904769102 ], [ -2.9612316547302, 53.387693638386303 ], [ -2.96146483403194, 53.388096542009599 ], [ -2.96189743661035, 53.387838361128097 ], [ -2.96382034258499, 53.388531044846196 ], [ -2.96436372324052, 53.388519624051199 ], [ -2.96224759150848, 53.390028843493397 ], [ -2.96173579889237, 53.390389020815903 ], [ -2.96047203244974, 53.391310536393398 ], [ -2.95982440574649, 53.391746169635098 ], [ -2.95915455273283, 53.392237987867603 ], [ -2.95930963959279, 53.392314530112301 ], [ -2.95907534459654, 53.392750860398202 ], [ -2.95855737803611, 53.392623510650601 ], [ -2.95713983728593, 53.393029478815997 ], [ -2.95707675146671, 53.3929140988486 ], [ -2.95644775146845, 53.392034192268802 ], [ -2.95729842716636, 53.391732064166099 ], [ -2.95643934200851, 53.391779874280601 ], [ -2.95644133242692, 53.391279933823299 ], [ -2.95543361064959, 53.391095467241698 ], [ -2.95544555915625, 53.390460920262903 ], [ -2.95535495061408, 53.3904436666066 ], [ -2.95468409903844, 53.390412503572001 ], [ -2.9539106822059, 53.390862725946398 ], [ -2.94938324342821, 53.391559350541797 ], [ -2.9493539329464, 53.391155976271797 ], [ -2.94940076292752, 53.390416543552 ], [ -2.94904994241407, 53.390458097766398 ], [ -2.9449879237073, 53.389977732855897 ], [ -2.94508601860984, 53.391084152385197 ], [ -2.9447918761708, 53.391364491504298 ], [ -2.94443497042514, 53.391293423373803 ], [ -2.94388882086702, 53.391390792612 ], [ -2.94364322811397, 53.393857042650602 ], [ -2.94110365615941, 53.393701729236298 ], [ -2.93997306879782, 53.393343147641403 ], [ -2.93905516449131, 53.392621010806401 ] ] ] } },
{ "type": "Feature", "properties": { "MSOA21CD": "E02001390", "MSOA21NM": "Liverpool 044" }, "geometry": { "type": "Polygon", "coordinates": [ [ [ -2.97099093025537, 53.394506038403499 ], [ -2.9696803942013, 53.392808472726401 ], [ -2.96885499940908, 53.392925793903203 ], [ -2.96722790576485, 53.391356885842399 ], [ -2.96323544534707, 53.392027220647797 ], [ -2.96516979113349, 53.391983496075099 ], [ -2.9641642641658, 53.392088149269902 ], [ -2.96422495244439, 53.393024187042101 ], [ -2.96355041406651, 53.3931195136581 ], [ -2.96333231082725, 53.392678944965198 ], [ -2.96235681861898, 53.392649370261402 ], [ -2.9627212742057, 53.392362135333897 ], [ -2.9623721258623, 53.392202651274701 ], [ -2.96309110026949, 53.391808128268998 ], [ -2.9629218355037, 53.391437710591703 ], [ -2.96274211995524, 53.391057839664597 ], [ -2.96238407175457, 53.3903015108394 ], [ -2.96224759150848, 53.390028843493397 ], [ -2.96436372324052, 53.388519624051199 ], [ -2.96382034258499, 53.388531044846196 ], [ -2.96189743661035, 53.387838361128097 ], [ -2.96146483403194, 53.388096542009599 ], [ -2.9612316547302, 53.387693638386303 ], [ -2.96063811459018, 53.388354904769102 ], [ -2.95898848443434, 53.387510916637602 ], [ -2.96033550135106, 53.386583486517402 ], [ -2.95901442145358, 53.386674994046203 ], [ -2.95898062600506, 53.386575627026403 ], [ -2.9572127675523, 53.3845911366097 ], [ -2.95611862785276, 53.384666871892001 ], [ -2.9550308468345, 53.384028210197201 ], [ -2.95583545884765, 53.383032994047198 ], [ -2.95555765617081, 53.382711612611601 ], [ -2.95505475777163, 53.3824100079134 ], [ -2.95531087924342, 53.382189752882802 ], [ -2.95602096286501, 53.381681963194097 ], [ -2.95761371494144, 53.381098341334301 ], [ -2.95976084808617, 53.382226902331404 ], [ -2.95990772168024, 53.382302641267898 ], [ -2.96016356252814, 53.3824344496851 ], [ -2.96169877239087, 53.383245135199203 ], [ -2.962007524361, 53.383411319222802 ], [ -2.96229601145446, 53.383511488709999 ], [ -2.96359831063333, 53.382593105118502 ], [ -2.96387632103283, 53.382725392054503 ], [ -2.96426396278664, 53.382111318273502 ], [ -2.96686993270583, 53.3804557619805 ], [ -2.96585806183713, 53.381561664800699 ], [ -2.96643355318314, 53.381849432479697 ], [ -2.96805460068387, 53.382141261357098 ], [ -2.96764915754684, 53.3824731926425 ], [ -2.96817562336089, 53.3826274570254 ], [ -2.96846545539716, 53.3824189168703 ], [ -2.9698942727749, 53.383114592457801 ], [ -2.9716638875209, 53.381155548937599 ], [ -2.97310773466139, 53.382367348471099 ], [ -2.9738033879199, 53.383112601963802 ], [ -2.97417911111633, 53.383026919114499 ], [ -2.97493405787269, 53.3840891281002 ], [ -2.97646203215179, 53.384812516150703 ], [ -2.977089860767, 53.384854998497801 ], [ -2.97843761825257, 53.384744914015101 ], [ -2.97999557912593, 53.387342994070501 ], [ -2.9772098674202, 53.387786544434803 ], [ -2.97671725000657, 53.387864452053797 ], [ -2.97513724834998, 53.3881217473728 ], [ -2.97383377397471, 53.388337235577502 ], [ -2.97403662084471, 53.388941339840201 ], [ -2.97363167830235, 53.388797967651897 ], [ -2.97346138894825, 53.389392798191501 ], [ -2.97458460390529, 53.389668187030097 ], [ -2.97339138279005, 53.390034057339797 ], [ -2.97351568433998, 53.390296936460999 ], [ -2.9746094957033, 53.390099454859403 ], [ -2.97410969744089, 53.3907597077323 ], [ -2.97540423446351, 53.390732984905199 ], [ -2.97560826006783, 53.391070940916499 ], [ -2.97437631259214, 53.391068031001801 ], [ -2.97472210213864, 53.391644082810402 ], [ -2.97423814798008, 53.391778189705803 ], [ -2.97435254659446, 53.3920162012774 ], [ -2.97195619400854, 53.392440216929401 ], [ -2.97373210508154, 53.393473425876202 ], [ -2.97431844945383, 53.393936105971498 ], [ -2.97099093025537, 53.394506038403499 ] ] ] } },
{ "type": "Feature", "properties": { "MSOA21CD": "E02001391", "MSOA21NM": "Liverpool 045" }, "geometry": { "type": "Polygon", "coordinates": [ [ [ -2.83500119410819, 53.396610517876702 ], [ -2.83457395373123, 53.396369136228103 ], [ -2.83399379055789, 53.396622068276301 ], [ -2.83365566822151, 53.396176148450401 ], [ -2.83325749335657, 53.394787356609399 ], [ -2.83229467665323, 53.392880315366298 ], [ -2.83208007542601, 53.391944373799902 ], [ -2.83298875012795, 53.390514996892499 ], [ -2.8327799769387, 53.389902637080098 ], [ -2.8336689465837, 53.389059390064197 ], [ -2.83232161736298, 53.387964562317499 ], [ -2.8307225569304, 53.387443776694703 ], [ -2.82958609147421, 53.386881108121003 ], [ -2.8288693851527, 53.385976540825702 ], [ -2.82652723457489, 53.3852270554722 ], [ -2.82464764245377, 53.3834632302137 ], [ -2.82382600393356, 53.382797044421402 ], [ -2.82283887568039, 53.382265395591403 ], [ -2.82207275209507, 53.380618319721201 ], [ -2.82317940443175, 53.380096839389999 ], [ -2.82422317184884, 53.380045625496997 ], [ -2.8250884165292, 53.380440147976302 ], [ -2.82796166882854, 53.3802809654063 ], [ -2.8292746057915, 53.381039202154597 ], [ -2.82982486162494, 53.380981563797398 ], [ -2.83086917931222, 53.380975644464499 ], [ -2.83230095388831, 53.381602091319998 ], [ -2.83318088292785, 53.381487761932 ], [ -2.83508486188881, 53.3812104558573 ], [ -2.84172185274546, 53.381577334786101 ], [ -2.84410310061381, 53.382020545254001 ], [ -2.84665893805745, 53.381882290603301 ], [ -2.84710202928417, 53.3815075321683 ], [ -2.84803042243183, 53.381133542486502 ], [ -2.85220240042408, 53.380837002880099 ], [ -2.85390548003345, 53.379859462861297 ], [ -2.85555591216965, 53.3813073708668 ], [ -2.85676880172689, 53.382342716718497 ], [ -2.85517899862495, 53.382549820190498 ], [ -2.85501879325707, 53.383114173539802 ], [ -2.85457234589947, 53.382331305160797 ], [ -2.8537788670345, 53.381977189680001 ], [ -2.85302847141989, 53.382897603912603 ], [ -2.85447164184745, 53.3832055004072 ], [ -2.85334100774681, 53.384483713147802 ], [ -2.85186692254418, 53.384498983692801 ], [ -2.851307558754, 53.386116138035497 ], [ -2.85031596697157, 53.3860609320244 ], [ -2.8500813299956, 53.386686968576399 ], [ -2.85174694325357, 53.386498604591303 ], [ -2.85195127104872, 53.386987320432603 ], [ -2.85141295624289, 53.3878480325398 ], [ -2.85161291620427, 53.3883907930785 ], [ -2.853527687893, 53.388975734530099 ], [ -2.85355308531871, 53.389479495622602 ], [ -2.85439977702625, 53.389547933882 ], [ -2.85280246812082, 53.390445145023897 ], [ -2.84936803425505, 53.389711778737599 ], [ -2.84930270001257, 53.389913600894403 ], [ -2.84955121728676, 53.391756477775402 ], [ -2.84930590733972, 53.392785352284697 ], [ -2.84864316375109, 53.395801059561897 ], [ -2.84798809970744, 53.396967624748797 ], [ -2.84521097783395, 53.397971513783403 ], [ -2.83734532387973, 53.399868780246898 ], [ -2.83674778538726, 53.398395217047799 ], [ -2.83500119410819, 53.396610517876702 ] ] ] } },
{ "type": "Feature", "properties": { "MSOA21CD": "E02001392", "MSOA21NM": "Liverpool 046" }, "geometry": { "type": "Polygon", "coordinates": [ [ [ -2.86636626907949, 53.390019768553998 ], [ -2.86281723216393, 53.387214708612902 ], [ -2.86122700256159, 53.385932168929401 ], [ -2.86021821663156, 53.385113329071601 ], [ -2.85898900248725, 53.384148041374701 ], [ -2.85676880172689, 53.382342716718497 ], [ -2.85555591216965, 53.3813073708668 ], [ -2.85621828160064, 53.381025679714497 ], [ -2.85657846806748, 53.381352566785701 ], [ -2.85752706803387, 53.381264219659101 ], [ -2.85825155665246, 53.380751226009501 ], [ -2.85885311965041, 53.3826647128828 ], [ -2.85980559047934, 53.381484905702699 ], [ -2.85840468631616, 53.380374645278799 ], [ -2.86172845233701, 53.379522514307702 ], [ -2.86169373605061, 53.379965480836397 ], [ -2.86241579254112, 53.380384355168303 ], [ -2.86340326382652, 53.380476099916201 ], [ -2.86368924824767, 53.380878907757001 ], [ -2.86421354753216, 53.381167328554298 ], [ -2.8646483261497, 53.380963863409796 ], [ -2.86554047003494, 53.3815640475854 ], [ -2.86570238965248, 53.380816971969303 ], [ -2.86482911507049, 53.380471336145902 ], [ -2.86641452421859, 53.3795807336084 ], [ -2.86644169811533, 53.380310606292902 ], [ -2.86770911104553, 53.380460401521603 ], [ -2.86886467886095, 53.380137944600797 ], [ -2.86866374342386, 53.379212892426303 ], [ -2.87020467387812, 53.378197229871198 ], [ -2.87060495896189, 53.378181667722103 ], [ -2.87062238729047, 53.378447110372299 ], [ -2.87132084772616, 53.378294687555403 ], [ -2.8710759576601, 53.378080744988402 ], [ -2.8715411320575, 53.377931773506802 ], [ -2.8719031058573, 53.3781658585728 ], [ -2.87260367754277, 53.378755875856797 ], [ -2.87288777539243, 53.3782163244272 ], [ -2.87400112287168, 53.379341389248502 ], [ -2.87501876703836, 53.379022711094699 ], [ -2.87529547442897, 53.379335432477802 ], [ -2.87674208693944, 53.378711038147401 ], [ -2.87761932816066, 53.379003572758599 ], [ -2.87811507213188, 53.379639926447901 ], [ -2.87874297940321, 53.379553362075796 ], [ -2.87843474829992, 53.379218596666298 ], [ -2.87964618403174, 53.3803496431036 ], [ -2.87889350600991, 53.380598233706799 ], [ -2.88017798275165, 53.380756656019003 ], [ -2.88035856639841, 53.381006578443603 ], [ -2.88100188203648, 53.381936053181803 ], [ -2.87971035088752, 53.382316562908102 ], [ -2.8804666365693, 53.383074693667098 ], [ -2.88251753995007, 53.382945390040298 ], [ -2.8845152218456, 53.383794650199199 ], [ -2.88064095614652, 53.384495275543301 ], [ -2.88309850322912, 53.385174492010798 ], [ -2.88326741981677, 53.385515631852897 ], [ -2.88180703838811, 53.385969354080601 ], [ -2.87960752246294, 53.385520624250297 ], [ -2.87868488284986, 53.386095752205698 ], [ -2.87765886806019, 53.385875712219601 ], [ -2.8772469880289, 53.386324401698502 ], [ -2.87580258022644, 53.385968593527103 ], [ -2.87578559592424, 53.386608144642999 ], [ -2.87508564370504, 53.3863998691522 ], [ -2.87419288403981, 53.386826879911197 ], [ -2.87425973604032, 53.387548144900897 ], [ -2.87467195751461, 53.387568581788202 ], [ -2.87442849379885, 53.388756560201898 ], [ -2.8745561202867, 53.3885438270271 ], [ -2.87603965309996, 53.388796326663503 ], [ -2.87688193360111, 53.3886671882263 ], [ -2.87705404259442, 53.388013690615303 ], [ -2.87777739906281, 53.387899853789001 ], [ -2.87825181925009, 53.386989512840103 ], [ -2.87880680696635, 53.387150341428097 ], [ -2.87808758906612, 53.389158802771099 ], [ -2.87746648087549, 53.389126023141003 ], [ -2.87727796615025, 53.389470908028002 ], [ -2.87801984080475, 53.389644058800997 ], [ -2.8750266587322, 53.391160705051703 ], [ -2.87439499387596, 53.391493708146399 ], [ -2.87732120575561, 53.3931187059801 ], [ -2.87807290893993, 53.393501173468799 ], [ -2.8808680642283, 53.394671680821901 ], [ -2.87566068523616, 53.396608061043999 ], [ -2.8756320179808, 53.396587409698199 ], [ -2.87230007854591, 53.394168048238399 ], [ -2.87179335421258, 53.393806549018201 ], [ -2.86988807022805, 53.392453893761697 ], [ -2.86973962017282, 53.392348455927802 ], [ -2.86709212267443, 53.390516169451601 ], [ -2.86643372988514, 53.390065966503798 ], [ -2.86636626907949, 53.390019768553998 ] ] ] } },
{ "type": "Feature", "properties": { "MSOA21CD": "E02001393", "MSOA21NM": "Liverpool 047" }, "geometry": { "type": "Polygon", "coordinates": [ [ [ -2.8808680642283, 53.394671680821901 ], [ -2.87807290893993, 53.393501173468799 ], [ -2.87732120575561, 53.3931187059801 ], [ -2.87439499387596, 53.391493708146399 ], [ -2.8750266587322, 53.391160705051703 ], [ -2.87801984080475, 53.389644058800997 ], [ -2.87727796615025, 53.389470908028002 ], [ -2.87746648087549, 53.389126023141003 ], [ -2.87808758906612, 53.389158802771099 ], [ -2.87880680696635, 53.387150341428097 ], [ -2.87825181925009, 53.386989512840103 ], [ -2.87777739906281, 53.387899853789001 ], [ -2.87705404259442, 53.388013690615303 ], [ -2.87688193360111, 53.3886671882263 ], [ -2.87603965309996, 53.388796326663503 ], [ -2.8745561202867, 53.3885438270271 ], [ -2.87442849379885, 53.388756560201898 ], [ -2.87467195751461, 53.387568581788202 ], [ -2.87425973604032, 53.387548144900897 ], [ -2.87419288403981, 53.386826879911197 ], [ -2.87508564370504, 53.3863998691522 ], [ -2.87578559592424, 53.386608144642999 ], [ -2.87580258022644, 53.385968593527103 ], [ -2.8772469880289, 53.386324401698502 ], [ -2.87765886806019, 53.385875712219601 ], [ -2.87868488284986, 53.386095752205698 ], [ -2.87960752246294, 53.385520624250297 ], [ -2.88180703838811, 53.385969354080601 ], [ -2.88326741981677, 53.385515631852897 ], [ -2.88309850322912, 53.385174492010798 ], [ -2.88064095614652, 53.384495275543301 ], [ -2.8845152218456, 53.383794650199199 ], [ -2.88251753995007, 53.382945390040298 ], [ -2.8804666365693, 53.383074693667098 ], [ -2.87971035088752, 53.382316562908102 ], [ -2.88100188203648, 53.381936053181803 ], [ -2.88035856639841, 53.381006578443603 ], [ -2.88017798275165, 53.380756656019003 ], [ -2.87889350600991, 53.380598233706799 ], [ -2.87964618403174, 53.3803496431036 ], [ -2.87843474829992, 53.379218596666298 ], [ -2.87874297940321, 53.379553362075796 ], [ -2.87811507213188, 53.379639926447901 ], [ -2.87761932816066, 53.379003572758599 ], [ -2.87803732571862, 53.378874742083397 ], [ -2.87609282447045, 53.3771541955091 ], [ -2.87646311862506, 53.377011077073099 ], [ -2.87756673722817, 53.377499387239801 ], [ -2.87878544694457, 53.378619627859401 ], [ -2.88035030340119, 53.377685906644203 ], [ -2.88060723486577, 53.377947239028501 ], [ -2.88203525452387, 53.377782623834598 ], [ -2.88239869368251, 53.378138743595002 ], [ -2.8828909561369, 53.377785757897897 ], [ -2.88156188804728, 53.3769202337553 ], [ -2.87972982182951, 53.3757626504513 ], [ -2.87731271827926, 53.373882018861899 ], [ -2.87630875134062, 53.373034458844003 ], [ -2.87658757559262, 53.372471908941698 ], [ -2.87863735695663, 53.371795329935701 ], [ -2.88478425447846, 53.3729890103927 ], [ -2.88435383715702, 53.373709469084801 ], [ -2.88639858109072, 53.373230974288198 ], [ -2.88828213718554, 53.374178803402899 ], [ -2.89076066941915, 53.374132999242299 ], [ -2.8922483259507, 53.375022529506701 ], [ -2.89303184012757, 53.374889482882502 ], [ -2.89269440974208, 53.3731301704522 ], [ -2.89207485963193, 53.3722538805564 ], [ -2.88983384383707, 53.370712141291399 ], [ -2.89289372538461, 53.369798283545002 ], [ -2.89327677621108, 53.370238737530002 ], [ -2.89512810066449, 53.369941379105903 ], [ -2.89558307878038, 53.370456039146298 ], [ -2.89601512596368, 53.3707172460159 ], [ -2.8966941358545, 53.370541949630898 ], [ -2.8987560134597, 53.372726582937197 ], [ -2.90126612525285, 53.375236162854797 ], [ -2.90154927718554, 53.375500905689201 ], [ -2.90352567802426, 53.377278667310499 ], [ -2.90377165896458, 53.377509654345602 ], [ -2.90478521699815, 53.378435405247899 ], [ -2.90644127673805, 53.3800859664141 ], [ -2.90757595715636, 53.381437003007299 ], [ -2.9079202687976, 53.382866413092103 ], [ -2.90784409436978, 53.3832417280287 ], [ -2.90594358241692, 53.383794651565402 ], [ -2.90352875055361, 53.384443792338303 ], [ -2.90068467386408, 53.384449472751299 ], [ -2.89897235626304, 53.384597789982202 ], [ -2.89555788219951, 53.384327403979803 ], [ -2.89336555314636, 53.383715655797801 ], [ -2.89268150803904, 53.383873571582598 ], [ -2.88995434141287, 53.384348770426399 ], [ -2.89107343610902, 53.386093789614002 ], [ -2.89436245945379, 53.3858593372724 ], [ -2.89455449264261, 53.385961234658801 ], [ -2.89524692026193, 53.386004429876699 ], [ -2.89550775943223, 53.385091654738602 ], [ -2.89590452759324, 53.385177230240799 ], [ -2.89589317547237, 53.386733348626599 ], [ -2.89798126047086, 53.387095997372199 ], [ -2.89892281508407, 53.386650159265997 ], [ -2.8990785833179, 53.386914037125798 ], [ -2.8978178885271, 53.387933412964401 ], [ -2.89773379463201, 53.3884535623395 ], [ -2.89840026159492, 53.388557104278703 ], [ -2.89714588018566, 53.3900397460677 ], [ -2.89470428548164, 53.389481622624999 ], [ -2.89483914286049, 53.390597814735301 ], [ -2.89435447050734, 53.391329126815798 ], [ -2.89561361723518, 53.391619960371202 ], [ -2.89555032640115, 53.392024629410201 ], [ -2.89505831412307, 53.391952914720697 ], [ -2.89297669407112, 53.391644884920403 ], [ -2.8925255893194, 53.392748211354103 ], [ -2.89206552206825, 53.392732264333503 ], [ -2.89194199001768, 53.3930158218404 ], [ -2.88995458163511, 53.392933962988103 ], [ -2.89000403920622, 53.392592891031804 ], [ -2.88918893244968, 53.392542181261298 ], [ -2.88934012381965, 53.392893653028302 ], [ -2.89015035055938, 53.394560357002803 ], [ -2.89005958959663, 53.394568798910299 ], [ -2.88878887110379, 53.394647949322902 ], [ -2.88473680898384, 53.394573564042503 ], [ -2.8821177607572, 53.395186175678298 ], [ -2.8808680642283, 53.394671680821901 ] ] ] } },
{ "type": "Feature", "properties": { "MSOA21CD": "E02001394", "MSOA21NM": "Liverpool 048" }, "geometry": { "type": "Polygon", "coordinates": [ [ [ -2.93905516449131, 53.392621010806401 ], [ -2.93716994463192, 53.3919153248996 ], [ -2.93592218030222, 53.392188256412098 ], [ -2.9353206871212, 53.391657284030899 ], [ -2.93368005652961, 53.392276060163198 ], [ -2.93331797892509, 53.392055457511603 ], [ -2.93318508327558, 53.391814899930203 ], [ -2.93398327806118, 53.391682821235499 ], [ -2.93433738402517, 53.391243822611202 ], [ -2.93194756576051, 53.391459568768902 ], [ -2.93111709093305, 53.390910346899901 ], [ -2.93109511832547, 53.390895731558601 ], [ -2.93004499126826, 53.3903196377466 ], [ -2.92883882089002, 53.389982768657099 ], [ -2.92790404658616, 53.389809641427398 ], [ -2.92864940146639, 53.388957414293102 ], [ -2.92840025710978, 53.3880986349022 ], [ -2.92843795320754, 53.3874991543791 ], [ -2.92751164801537, 53.386509055987297 ], [ -2.92635961474472, 53.386443679317402 ], [ -2.92572126457749, 53.385991323886799 ], [ -2.92566015791789, 53.385308133925399 ], [ -2.92817980890679, 53.385300451424598 ], [ -2.92803515277842, 53.384909909189901 ], [ -2.92651119897155, 53.384521446083603 ], [ -2.9267514294325, 53.383266314569397 ], [ -2.92597639391773, 53.382864807943797 ], [ -2.92590533516016, 53.382263917110599 ], [ -2.92332660155096, 53.382105706866398 ], [ -2.92273904759716, 53.381533928036099 ], [ -2.91866507121854, 53.383130420432998 ], [ -2.91741894272973, 53.381676099975799 ], [ -2.91612212720294, 53.380059806292003 ], [ -2.91537812663729, 53.379217310663797 ], [ -2.91589712486152, 53.3789632021576 ], [ -2.91627297707073, 53.379278178521297 ], [ -2.91697186975486, 53.3792477577868 ], [ -2.91764854281981, 53.378648387727601 ], [ -2.91722350322542, 53.3783301075662 ], [ -2.91802287749008, 53.377939360876901 ], [ -2.91961790162126, 53.377194866457103 ], [ -2.92132499190374, 53.376463472540202 ], [ -2.92089011173648, 53.375378129594999 ], [ -2.92214866738624, 53.374804904016102 ], [ -2.92465798551682, 53.375444284528299 ], [ -2.92570940304541, 53.374945165330402 ], [ -2.92610716950799, 53.374012281124998 ], [ -2.92654734844602, 53.373939149783197 ], [ -2.92776168257994, 53.374525982994498 ], [ -2.92908085596341, 53.3736707681322 ], [ -2.92949288184957, 53.373402037948303 ], [ -2.93066676051535, 53.372642670461701 ], [ -2.93058332116243, 53.372370900405102 ], [ -2.9308461151559, 53.372263336075903 ], [ -2.92947941635312, 53.371490030510998 ], [ -2.92864715436163, 53.370981850943998 ], [ -2.92772582549459, 53.371310418697902 ], [ -2.92776365937981, 53.371594724999902 ], [ -2.92753283105862, 53.371734088190998 ], [ -2.92727721248803, 53.371599337442497 ], [ -2.93003321334968, 53.369780119078698 ], [ -2.931539273481, 53.370440923397297 ], [ -2.93251094332869, 53.370907988477498 ], [ -2.93285525494016, 53.371206521329903 ], [ -2.93329161178677, 53.371897961647598 ], [ -2.93394566149939, 53.372874617991002 ], [ -2.93335699069821, 53.372879218283401 ], [ -2.9334898783271, 53.373376052619697 ], [ -2.93290566746253, 53.3738560392718 ], [ -2.93222566908918, 53.374541034158298 ], [ -2.93164900906173, 53.375637333173202 ], [ -2.93090173274349, 53.376524076985099 ], [ -2.93049011686484, 53.376949764745703 ], [ -2.93031346859833, 53.377121930652599 ], [ -2.93071915133347, 53.377464747682303 ], [ -2.93240448659281, 53.377802133120802 ], [ -2.932487771672, 53.3789387319299 ], [ -2.93334402005906, 53.379597230986299 ], [ -2.93485526073769, 53.379882053782602 ], [ -2.93630662329864, 53.379645973945102 ], [ -2.93669998362439, 53.379759738538198 ], [ -2.93662100876814, 53.380955891450199 ], [ -2.93849533100622, 53.382100761983601 ], [ -2.93931297280234, 53.383047168216699 ], [ -2.94046856063306, 53.3809076911364 ], [ -2.94111388844924, 53.380857665082303 ], [ -2.94210268762726, 53.3806575220936 ], [ -2.94197222155904, 53.381196932004698 ], [ -2.94273775353648, 53.3809893704777 ], [ -2.94412602997601, 53.381753312522299 ], [ -2.94499437516238, 53.381643353392498 ], [ -2.94542930107733, 53.381061045114201 ], [ -2.94603086141181, 53.381050966688399 ], [ -2.94683204883583, 53.380453334425901 ], [ -2.94724268331671, 53.380696872102199 ], [ -2.94792332070945, 53.380523991512099 ], [ -2.94823255305268, 53.380023800008701 ], [ -2.9477493330973, 53.379792859758297 ], [ -2.94876701275839, 53.379019622993503 ], [ -2.9483808645356, 53.378783623079201 ], [ -2.94868047277227, 53.378898140895402 ], [ -2.95064092976219, 53.3796416639996 ], [ -2.94990098214765, 53.380066324044101 ], [ -2.94904269614156, 53.379870236196197 ], [ -2.94901245961726, 53.379497622419201 ], [ -2.94860337222631, 53.380304045380001 ], [ -2.94976375180292, 53.382464137411503 ], [ -2.94916577773628, 53.382647760800303 ], [ -2.94939525586302, 53.382982628734197 ], [ -2.94976270121629, 53.383623049162303 ], [ -2.94672675913914, 53.384154605910901 ], [ -2.94663303558609, 53.384082943536001 ], [ -2.9458800874986, 53.384271783486703 ], [ -2.94689107579812, 53.385350748946202 ], [ -2.94742522481212, 53.385173094156301 ], [ -2.94773688828959, 53.385401806292798 ], [ -2.94653183136186, 53.386540792139101 ], [ -2.94590063024167, 53.386554778213799 ], [ -2.94465877431141, 53.387508424191601 ], [ -2.94240186600571, 53.388191410103197 ], [ -2.94274625597663, 53.388712219272001 ], [ -2.94228382006138, 53.388902454553403 ], [ -2.94264780936356, 53.389314111586899 ], [ -2.94194323951814, 53.389201094297903 ], [ -2.9412227140925, 53.389506823826302 ], [ -2.94118245786527, 53.390867286068399 ], [ -2.94001464108075, 53.390833740881298 ], [ -2.93949239375137, 53.391154852496001 ], [ -2.93905516449131, 53.392621010806401 ] ] ] } },
{ "type": "Feature", "properties": { "MSOA21CD": "E02001395", "MSOA21NM": "Liverpool 049" }, "geometry": { "type": "Polygon", "coordinates": [ [ [ -2.90780508544881, 53.386063396978201 ], [ -2.90774134185494, 53.385555058998399 ], [ -2.90729271299492, 53.385644440409003 ], [ -2.90694485393365, 53.384501634405197 ], [ -2.90594358241692, 53.383794651565402 ], [ -2.90784409436978, 53.3832417280287 ], [ -2.9079202687976, 53.382866413092103 ], [ -2.90757595715636, 53.381437003007299 ], [ -2.90644127673805, 53.3800859664141 ], [ -2.90478521699815, 53.378435405247899 ], [ -2.90377165896458, 53.377509654345602 ], [ -2.90352567802426, 53.377278667310499 ], [ -2.90429373365283, 53.377078573191802 ], [ -2.90476520815234, 53.376073395119398 ], [ -2.90614381791148, 53.375771431308699 ], [ -2.90617812062631, 53.3753028785422 ], [ -2.90658447456324, 53.375466512548499 ], [ -2.90732662690778, 53.375208893853298 ], [ -2.91058068923798, 53.374153374473899 ], [ -2.91151153990411, 53.374630413734401 ], [ -2.91232078146906, 53.374364492253903 ], [ -2.91206645227684, 53.373988924168103 ], [ -2.91376214090987, 53.373479660126002 ], [ -2.91423424538162, 53.373285131907402 ], [ -2.9158150227884, 53.372861654481603 ], [ -2.91669039442018, 53.372110537592299 ], [ -2.91891133098809, 53.371846612639096 ], [ -2.91917220390726, 53.372308859624098 ], [ -2.92297265184761, 53.371809598997501 ], [ -2.92557615999213, 53.372169669151198 ], [ -2.92593172889934, 53.371933375847597 ], [ -2.92636847312651, 53.372179398461697 ], [ -2.92409741117046, 53.373988075552198 ], [ -2.92570940304541, 53.374945165330402 ], [ -2.92465798551682, 53.375444284528299 ], [ -2.92214866738624, 53.374804904016102 ], [ -2.92089011173648, 53.375378129594999 ], [ -2.92132499190374, 53.376463472540202 ], [ -2.91961790162126, 53.377194866457103 ], [ -2.91802287749008, 53.377939360876901 ], [ -2.91722350322542, 53.3783301075662 ], [ -2.91764854281981, 53.378648387727601 ], [ -2.91697186975486, 53.3792477577868 ], [ -2.91627297707073, 53.379278178521297 ], [ -2.91589712486152, 53.3789632021576 ], [ -2.91537812663729, 53.379217310663797 ], [ -2.91612212720294, 53.380059806292003 ], [ -2.91741894272973, 53.381676099975799 ], [ -2.91866507121854, 53.383130420432998 ], [ -2.91872600977234, 53.383202519594697 ], [ -2.91987293163103, 53.384522551336403 ], [ -2.91945651653623, 53.384649062037198 ], [ -2.91913146806279, 53.384834949082503 ], [ -2.91903395277784, 53.384646630892703 ], [ -2.9174201422629, 53.385300512415803 ], [ -2.91789515638539, 53.3855251885131 ], [ -2.91724755578033, 53.385899035241202 ], [ -2.91611448964053, 53.386526097359102 ], [ -2.91542722364512, 53.386072632519898 ], [ -2.91387503945572, 53.386933413645899 ], [ -2.91316339718129, 53.386747220623 ], [ -2.91246820601715, 53.386129333543899 ], [ -2.91226816748767, 53.385953261545502 ], [ -2.91168281940752, 53.385953662849701 ], [ -2.90973650263722, 53.387139422469602 ], [ -2.90873112155091, 53.3864835590052 ], [ -2.90868687778945, 53.386442196763397 ], [ -2.90780508544881, 53.386063396978201 ] ] ] } },
{ "type": "Feature", "properties": { "MSOA21CD": "E02001396", "MSOA21NM": "Liverpool 050" }, "geometry": { "type": "MultiPolygon", "coordinates": [ [ [ [ -2.98450227334045, 53.386385919399601 ], [ -2.98497259702216, 53.386503357146097 ], [ -2.98500489120574, 53.386540177559802 ], [ -2.98450227334045, 53.386385919399601 ] ] ], [ [ [ -2.98450227334045, 53.386385919399601 ], [ -2.98435296790813, 53.386626244219599 ], [ -2.98414647989269, 53.386660717131598 ], [ -2.98450227334045, 53.386385919399601 ] ] ], [ [ [ -2.97999557912593, 53.387342994070501 ], [ -2.97843761825257, 53.384744914015101 ], [ -2.977089860767, 53.384854998497801 ], [ -2.97646203215179, 53.384812516150703 ], [ -2.97493405787269, 53.3840891281002 ], [ -2.97417911111633, 53.383026919114499 ], [ -2.9738033879199, 53.383112601963802 ], [ -2.97310773466139, 53.382367348471099 ], [ -2.9716638875209, 53.381155548937599 ], [ -2.9698942727749, 53.383114592457801 ], [ -2.96846545539716, 53.3824189168703 ], [ -2.96817562336089, 53.3826274570254 ], [ -2.96764915754684, 53.3824731926425 ], [ -2.96805460068387, 53.382141261357098 ], [ -2.96643355318314, 53.381849432479697 ], [ -2.96585806183713, 53.381561664800699 ], [ -2.96686993270583, 53.3804557619805 ], [ -2.96426396278664, 53.382111318273502 ], [ -2.96387632103283, 53.382725392054503 ], [ -2.96359831063333, 53.382593105118502 ], [ -2.96229601145446, 53.383511488709999 ], [ -2.962007524361, 53.383411319222802 ], [ -2.96169877239087, 53.383245135199203 ], [ -2.96016356252814, 53.3824344496851 ], [ -2.95990772168024, 53.382302641267898 ], [ -2.95976084808617, 53.382226902331404 ], [ -2.95761371494144, 53.381098341334301 ], [ -2.95602096286501, 53.381681963194097 ], [ -2.95503983763111, 53.381256606846897 ], [ -2.95426438210783, 53.381011344772602 ], [ -2.95224624413, 53.380250168561503 ], [ -2.95216383900808, 53.380218869456201 ], [ -2.95185874109577, 53.380103194202498 ], [ -2.95064092976219, 53.3796416639996 ], [ -2.94868047277227, 53.378898140895402 ], [ -2.94882060513404, 53.378791119980598 ], [ -2.94938630340918, 53.378577412278098 ], [ -2.94964235830039, 53.379142110285997 ], [ -2.95092662735443, 53.378208475741999 ], [ -2.95212317307003, 53.378733544735802 ], [ -2.95235257221038, 53.378520865409399 ], [ -2.95258231786114, 53.378314381661298 ], [ -2.95151223777786, 53.377948796016099 ], [ -2.9531916416881, 53.376442374429502 ], [ -2.95245865862112, 53.376224673020999 ], [ -2.95309698079856, 53.375775921891602 ], [ -2.95316690459056, 53.375412999868601 ], [ -2.9521822838793, 53.375056707407403 ], [ -2.95298851589796, 53.374673604093402 ], [ -2.95367927300535, 53.373493220955901 ], [ -2.95781062178449, 53.3747970619863 ], [ -2.95888688397355, 53.372425644188503 ], [ -2.95887441288372, 53.371764691092501 ], [ -2.96377562986136, 53.373470545017902 ], [ -2.96669326158276, 53.3750812574755 ], [ -2.96764802294, 53.375608302822698 ], [ -2.96900763984414, 53.375974796104501 ], [ -2.9692998574906, 53.375804286646598 ], [ -2.96944302811428, 53.375883287967198 ], [ -2.97006929002386, 53.376228855241997 ], [ -2.97256379654302, 53.377605221957502 ], [ -2.97292282711885, 53.378120096578897 ], [ -2.97366456697828, 53.378214696514803 ], [ -2.97357397917895, 53.378726046276 ], [ -2.97465150886949, 53.378777463316801 ], [ -2.97863069960237, 53.381203428812903 ], [ -2.97966449070793, 53.382022810473899 ], [ -2.98306710190276, 53.384719428611099 ], [ -2.98343185153168, 53.386065653554503 ], [ -2.98414642444313, 53.3861470260698 ], [ -2.98402153636925, 53.386681576374997 ], [ -2.9814469573334, 53.387111364393299 ], [ -2.97999557912593, 53.387342994070501 ] ] ] ] } },
{ "type": "Feature", "properties": { "MSOA21CD": "E02001397", "MSOA21NM": "Liverpool 051" }, "geometry": { "type": "Polygon", "coordinates": [ [ [ -2.85885311965041, 53.3826647128828 ], [ -2.85825155665246, 53.380751226009501 ], [ -2.85752706803387, 53.381264219659101 ], [ -2.85657846806748, 53.381352566785701 ], [ -2.85621828160064, 53.381025679714497 ], [ -2.85555591216965, 53.3813073708668 ], [ -2.85390548003345, 53.379859462861297 ], [ -2.85578459232179, 53.378964581452102 ], [ -2.85622476049592, 53.378794627037699 ], [ -2.85617980044545, 53.378753997101299 ], [ -2.85544002887262, 53.378229758615397 ], [ -2.85413340808513, 53.377278062175598 ], [ -2.85372664658129, 53.376387969822296 ], [ -2.85314664211816, 53.374772804353398 ], [ -2.8530889819556, 53.374581098022702 ], [ -2.85252739984744, 53.372616923972203 ], [ -2.8524254675991, 53.372225945647003 ], [ -2.85325827324412, 53.372157140595299 ], [ -2.85335160566003, 53.372456700602697 ], [ -2.85574576734567, 53.372227489802299 ], [ -2.8561132743623, 53.371900188282602 ], [ -2.85645115942371, 53.371874447110898 ], [ -2.85754087396859, 53.371780775839902 ], [ -2.86034526627278, 53.371007515264303 ], [ -2.86226535165352, 53.371376943223503 ], [ -2.86348783877416, 53.372100183412499 ], [ -2.86588288754511, 53.374267670493801 ], [ -2.86953980072286, 53.373362552183401 ], [ -2.87179223902902, 53.372810901970297 ], [ -2.8737869357938, 53.371472936204597 ], [ -2.87394689977632, 53.371400151417703 ], [ -2.87439875489911, 53.371643851984103 ], [ -2.87630875134062, 53.373034458844003 ], [ -2.87731271827926, 53.373882018861899 ], [ -2.87972982182951, 53.3757626504513 ], [ -2.88156188804728, 53.3769202337553 ], [ -2.8828909561369, 53.377785757897897 ], [ -2.88239869368251, 53.378138743595002 ], [ -2.88203525452387, 53.377782623834598 ], [ -2.88060723486577, 53.377947239028501 ], [ -2.88035030340119, 53.377685906644203 ], [ -2.87878544694457, 53.378619627859401 ], [ -2.87756673722817, 53.377499387239801 ], [ -2.87646311862506, 53.377011077073099 ], [ -2.87609282447045, 53.3771541955091 ], [ -2.87803732571862, 53.378874742083397 ], [ -2.87761932816066, 53.379003572758599 ], [ -2.87674208693944, 53.378711038147401 ], [ -2.87529547442897, 53.379335432477802 ], [ -2.87501876703836, 53.379022711094699 ], [ -2.87400112287168, 53.379341389248502 ], [ -2.87288777539243, 53.3782163244272 ], [ -2.87260367754277, 53.378755875856797 ], [ -2.8719031058573, 53.3781658585728 ], [ -2.8715411320575, 53.377931773506802 ], [ -2.8710759576601, 53.378080744988402 ], [ -2.87132084772616, 53.378294687555403 ], [ -2.87062238729047, 53.378447110372299 ], [ -2.87060495896189, 53.378181667722103 ], [ -2.87020467387812, 53.378197229871198 ], [ -2.86866374342386, 53.379212892426303 ], [ -2.86886467886095, 53.380137944600797 ], [ -2.86770911104553, 53.380460401521603 ], [ -2.86644169811533, 53.380310606292902 ], [ -2.86641452421859, 53.3795807336084 ], [ -2.86482911507049, 53.380471336145902 ], [ -2.86570238965248, 53.380816971969303 ], [ -2.86554047003494, 53.3815640475854 ], [ -2.8646483261497, 53.380963863409796 ], [ -2.86421354753216, 53.381167328554298 ], [ -2.86368924824767, 53.380878907757001 ], [ -2.86340326382652, 53.380476099916201 ], [ -2.86241579254112, 53.380384355168303 ], [ -2.86169373605061, 53.379965480836397 ], [ -2.86172845233701, 53.379522514307702 ], [ -2.85840468631616, 53.380374645278799 ], [ -2.85980559047934, 53.381484905702699 ], [ -2.85885311965041, 53.3826647128828 ] ] ] } },
{ "type": "Feature", "properties": { "MSOA21CD": "E02001398", "MSOA21NM": "Liverpool 052" }, "geometry": { "type": "Polygon", "coordinates": [ [ [ -2.93662100876814, 53.380955891450199 ], [ -2.93669998362439, 53.379759738538198 ], [ -2.93630662329864, 53.379645973945102 ], [ -2.93485526073769, 53.379882053782602 ], [ -2.93334402005906, 53.379597230986299 ], [ -2.932487771672, 53.3789387319299 ], [ -2.93240448659281, 53.377802133120802 ], [ -2.93071915133347, 53.377464747682303 ], [ -2.93031346859833, 53.377121930652599 ], [ -2.93049011686484, 53.376949764745703 ], [ -2.93090173274349, 53.376524076985099 ], [ -2.93164900906173, 53.375637333173202 ], [ -2.93222566908918, 53.374541034158298 ], [ -2.93290566746253, 53.3738560392718 ], [ -2.9334898783271, 53.373376052619697 ], [ -2.93335699069821, 53.372879218283401 ], [ -2.93394566149939, 53.372874617991002 ], [ -2.93329161178677, 53.371897961647598 ], [ -2.93285525494016, 53.371206521329903 ], [ -2.93425828584539, 53.371090755561497 ], [ -2.93434524348024, 53.3702981551722 ], [ -2.93301428147754, 53.3631030195303 ], [ -2.93042689613172, 53.362021561638201 ], [ -2.93167653899495, 53.361247120602201 ], [ -2.94573600345657, 53.367190235826399 ], [ -2.94581694504685, 53.367218425463903 ], [ -2.94849545766658, 53.368151211367802 ], [ -2.95887441288372, 53.371764691092501 ], [ -2.95888688397355, 53.372425644188503 ], [ -2.95781062178449, 53.3747970619863 ], [ -2.95367927300535, 53.373493220955901 ], [ -2.95298851589796, 53.374673604093402 ], [ -2.9521822838793, 53.375056707407403 ], [ -2.95316690459056, 53.375412999868601 ], [ -2.95309698079856, 53.375775921891602 ], [ -2.95245865862112, 53.376224673020999 ], [ -2.9531916416881, 53.376442374429502 ], [ -2.95151223777786, 53.377948796016099 ], [ -2.95258231786114, 53.378314381661298 ], [ -2.95235257221038, 53.378520865409399 ], [ -2.95212317307003, 53.378733544735802 ], [ -2.95092662735443, 53.378208475741999 ], [ -2.94964235830039, 53.379142110285997 ], [ -2.94938630340918, 53.378577412278098 ], [ -2.94882060513404, 53.378791119980598 ], [ -2.94868047277227, 53.378898140895402 ], [ -2.9483808645356, 53.378783623079201 ], [ -2.94876701275839, 53.379019622993503 ], [ -2.9477493330973, 53.379792859758297 ], [ -2.94823255305268, 53.380023800008701 ], [ -2.94792332070945, 53.380523991512099 ], [ -2.94724268331671, 53.380696872102199 ], [ -2.94683204883583, 53.380453334425901 ], [ -2.94603086141181, 53.381050966688399 ], [ -2.94542930107733, 53.381061045114201 ], [ -2.94499437516238, 53.381643353392498 ], [ -2.94412602997601, 53.381753312522299 ], [ -2.94273775353648, 53.3809893704777 ], [ -2.94197222155904, 53.381196932004698 ], [ -2.94210268762726, 53.3806575220936 ], [ -2.94111388844924, 53.380857665082303 ], [ -2.94046856063306, 53.3809076911364 ], [ -2.93931297280234, 53.383047168216699 ], [ -2.93849533100622, 53.382100761983601 ], [ -2.93662100876814, 53.380955891450199 ] ] ] } },
{ "type": "Feature", "properties": { "MSOA21CD": "E02001399", "MSOA21NM": "Liverpool 053" }, "geometry": { "type": "Polygon", "coordinates": [ [ [ -2.90154927718554, 53.375500905689201 ], [ -2.90126612525285, 53.375236162854797 ], [ -2.90214592715043, 53.374976780833997 ], [ -2.90230810584174, 53.374382626342502 ], [ -2.90338338676677, 53.375085042907301 ], [ -2.90402247180348, 53.375013583153702 ], [ -2.90391261660284, 53.374618063927599 ], [ -2.903086876342, 53.372710494516603 ], [ -2.90157097647755, 53.371391575654002 ], [ -2.90174991130887, 53.371001012072298 ], [ -2.90218121249149, 53.371042143687603 ], [ -2.9021385859439, 53.369883697698 ], [ -2.90367993181239, 53.3694842655378 ], [ -2.90465428888583, 53.369517226407503 ], [ -2.90209021412634, 53.367875091013602 ], [ -2.90264269337292, 53.367766277713599 ], [ -2.90244302374848, 53.367525524252102 ], [ -2.90368967890069, 53.367177450780297 ], [ -2.90285943981303, 53.366603049227898 ], [ -2.90262048957532, 53.3664916386766 ], [ -2.90324114915748, 53.366095208887899 ], [ -2.90290950518462, 53.365852316889899 ], [ -2.90383604628845, 53.365322243043103 ], [ -2.90121271408363, 53.363692935102598 ], [ -2.90143539315967, 53.3633556609145 ], [ -2.90049840315137, 53.363204575390697 ], [ -2.90079776473981, 53.362946132866597 ], [ -2.90097923123217, 53.362819260424402 ], [ -2.90329334863754, 53.3612371079697 ], [ -2.90752303006927, 53.362051683072004 ], [ -2.90919637202929, 53.363034642077899 ], [ -2.90890606333718, 53.363303733723498 ], [ -2.90841324732679, 53.363216504535103 ], [ -2.90769334479352, 53.364058457805797 ], [ -2.91009558381206, 53.365553629878001 ], [ -2.91104558152781, 53.366089067183601 ], [ -2.91067731034509, 53.366343323385003 ], [ -2.91030174135157, 53.366137182948499 ], [ -2.90974845460849, 53.366570773493798 ], [ -2.91000848428376, 53.366716266246797 ], [ -2.91097594106382, 53.366886263817399 ], [ -2.91182787112862, 53.367788281027302 ], [ -2.91358383254292, 53.367206430571002 ], [ -2.91341667238556, 53.366726259040398 ], [ -2.9138773071778, 53.3663925085174 ], [ -2.91605352030498, 53.366539495642002 ], [ -2.91612852990663, 53.367075984906698 ], [ -2.91698879534719, 53.367035690058501 ], [ -2.91746011687921, 53.367297493836901 ], [ -2.91722018937971, 53.367620278693401 ], [ -2.9178661489944, 53.367532286585899 ], [ -2.91847748254229, 53.367864216849597 ], [ -2.91789707463031, 53.367915396767899 ], [ -2.9181419278843, 53.369395731964801 ], [ -2.92033170818892, 53.368781143445801 ], [ -2.92087712875187, 53.368912386699201 ], [ -2.9240746717351, 53.369734163427303 ], [ -2.92491910071177, 53.369055909486903 ], [ -2.92436306236359, 53.369025641210598 ], [ -2.92356911450945, 53.369488439600197 ], [ -2.92310276447548, 53.368965630947699 ], [ -2.92349726330021, 53.368574860432702 ], [ -2.92413315423428, 53.3687582446912 ], [ -2.92468072509523, 53.368426952769703 ], [ -2.92531450093207, 53.368733446744599 ], [ -2.92568170152051, 53.368428361134697 ], [ -2.92621831297986, 53.367752050924402 ], [ -2.92683945293374, 53.3680520863198 ], [ -2.93003321334968, 53.369780119078698 ], [ -2.92727721248803, 53.371599337442497 ], [ -2.92753283105862, 53.371734088190998 ], [ -2.92776365937981, 53.371594724999902 ], [ -2.92772582549459, 53.371310418697902 ], [ -2.92864715436163, 53.370981850943998 ], [ -2.92947941635312, 53.371490030510998 ], [ -2.9308461151559, 53.372263336075903 ], [ -2.93058332116243, 53.372370900405102 ], [ -2.93066676051535, 53.372642670461701 ], [ -2.92949288184957, 53.373402037948303 ], [ -2.92908085596341, 53.3736707681322 ], [ -2.92776168257994, 53.374525982994498 ], [ -2.92654734844602, 53.373939149783197 ], [ -2.92610716950799, 53.374012281124998 ], [ -2.92570940304541, 53.374945165330402 ], [ -2.92409741117046, 53.373988075552198 ], [ -2.92636847312651, 53.372179398461697 ], [ -2.92593172889934, 53.371933375847597 ], [ -2.92557615999213, 53.372169669151198 ], [ -2.92297265184761, 53.371809598997501 ], [ -2.91917220390726, 53.372308859624098 ], [ -2.91891133098809, 53.371846612639096 ], [ -2.91669039442018, 53.372110537592299 ], [ -2.9158150227884, 53.372861654481603 ], [ -2.91423424538162, 53.373285131907402 ], [ -2.91376214090987, 53.373479660126002 ], [ -2.91206645227684, 53.373988924168103 ], [ -2.91232078146906, 53.374364492253903 ], [ -2.91151153990411, 53.374630413734401 ], [ -2.91058068923798, 53.374153374473899 ], [ -2.90732662690778, 53.375208893853298 ], [ -2.90658447456324, 53.375466512548499 ], [ -2.90617812062631, 53.3753028785422 ], [ -2.90614381791148, 53.375771431308699 ], [ -2.90476520815234, 53.376073395119398 ], [ -2.90429373365283, 53.377078573191802 ], [ -2.90352567802426, 53.377278667310499 ], [ -2.90154927718554, 53.375500905689201 ] ] ] } },
{ "type": "Feature", "properties": { "MSOA21CD": "E02001400", "MSOA21NM": "Liverpool 054" }, "geometry": { "type": "Polygon", "coordinates": [ [ [ -2.90126612525285, 53.375236162854797 ], [ -2.8987560134597, 53.372726582937197 ], [ -2.8966941358545, 53.370541949630898 ], [ -2.89601512596368, 53.3707172460159 ], [ -2.89558307878038, 53.370456039146298 ], [ -2.89512810066449, 53.369941379105903 ], [ -2.89327677621108, 53.370238737530002 ], [ -2.89289372538461, 53.369798283545002 ], [ -2.88983384383707, 53.370712141291399 ], [ -2.89207485963193, 53.3722538805564 ], [ -2.89269440974208, 53.3731301704522 ], [ -2.89303184012757, 53.374889482882502 ], [ -2.8922483259507, 53.375022529506701 ], [ -2.89076066941915, 53.374132999242299 ], [ -2.88828213718554, 53.374178803402899 ], [ -2.88639858109072, 53.373230974288198 ], [ -2.88435383715702, 53.373709469084801 ], [ -2.88478425447846, 53.3729890103927 ], [ -2.87863735695663, 53.371795329935701 ], [ -2.87658757559262, 53.372471908941698 ], [ -2.87630875134062, 53.373034458844003 ], [ -2.87439875489911, 53.371643851984103 ], [ -2.87394689977632, 53.371400151417703 ], [ -2.87221687280905, 53.367307649825101 ], [ -2.872146250623, 53.366466036986402 ], [ -2.87332584708726, 53.365865048210303 ], [ -2.87355868980963, 53.365346301750698 ], [ -2.87330328385473, 53.363859132467198 ], [ -2.87237098989474, 53.3642194437139 ], [ -2.87183058658565, 53.363513262395301 ], [ -2.87370028595665, 53.3630861104158 ], [ -2.87300449360987, 53.362120382202399 ], [ -2.87253909975361, 53.362150758433401 ], [ -2.87181199621463, 53.360394233707403 ], [ -2.87323523819833, 53.360186080393099 ], [ -2.87257098863904, 53.358563934515701 ], [ -2.87344225054286, 53.358430192940403 ], [ -2.87372013931977, 53.357720307450002 ], [ -2.87478434201373, 53.356272487241597 ], [ -2.8757544555154, 53.353190281761599 ], [ -2.87932166492874, 53.353589320695903 ], [ -2.88284507153307, 53.354728171487302 ], [ -2.88695978212879, 53.357133213938802 ], [ -2.89016940308254, 53.358958736920599 ], [ -2.89128002774545, 53.359640731931101 ], [ -2.89250409514831, 53.3603932559394 ], [ -2.89428059008215, 53.361493983010497 ], [ -2.89579114145819, 53.362388364022301 ], [ -2.89938077332336, 53.364527010923297 ], [ -2.89938401324311, 53.364523155434199 ], [ -2.90049840315137, 53.363204575390697 ], [ -2.90143539315967, 53.3633556609145 ], [ -2.90121271408363, 53.363692935102598 ], [ -2.90383604628845, 53.365322243043103 ], [ -2.90290950518462, 53.365852316889899 ], [ -2.90324114915748, 53.366095208887899 ], [ -2.90262048957532, 53.3664916386766 ], [ -2.90285943981303, 53.366603049227898 ], [ -2.90368967890069, 53.367177450780297 ], [ -2.90244302374848, 53.367525524252102 ], [ -2.90264269337292, 53.367766277713599 ], [ -2.90209021412634, 53.367875091013602 ], [ -2.90465428888583, 53.369517226407503 ], [ -2.90367993181239, 53.3694842655378 ], [ -2.9021385859439, 53.369883697698 ], [ -2.90218121249149, 53.371042143687603 ], [ -2.90174991130887, 53.371001012072298 ], [ -2.90157097647755, 53.371391575654002 ], [ -2.903086876342, 53.372710494516603 ], [ -2.90391261660284, 53.374618063927599 ], [ -2.90402247180348, 53.375013583153702 ], [ -2.90338338676677, 53.375085042907301 ], [ -2.90230810584174, 53.374382626342502 ], [ -2.90214592715043, 53.374976780833997 ], [ -2.90126612525285, 53.375236162854797 ] ] ] } },
{ "type": "Feature", "properties": { "MSOA21CD": "E02001401", "MSOA21NM": "Liverpool 055" }, "geometry": { "type": "Polygon", "coordinates": [ [ [ -2.86226535165352, 53.371376943223503 ], [ -2.86034526627278, 53.371007515264303 ], [ -2.85754087396859, 53.371780775839902 ], [ -2.85645115942371, 53.371874447110898 ], [ -2.8561132743623, 53.371900188282602 ], [ -2.85574576734567, 53.372227489802299 ], [ -2.85335160566003, 53.372456700602697 ], [ -2.85325827324412, 53.372157140595299 ], [ -2.8524254675991, 53.372225945647003 ], [ -2.85209005889802, 53.3701552025463 ], [ -2.85202899663136, 53.369803860731302 ], [ -2.85202714252409, 53.3696854192807 ], [ -2.85200869209712, 53.3694916656519 ], [ -2.8529180896167, 53.367587125147097 ], [ -2.8533513540702, 53.366680010007599 ], [ -2.8535964121751, 53.365072813790299 ], [ -2.85359602387162, 53.3649403679781 ], [ -2.85335577815107, 53.3632900293521 ], [ -2.85211338614151, 53.361269232797298 ], [ -2.85157919572324, 53.3606907483993 ], [ -2.85132318390244, 53.360412990575199 ], [ -2.85061432876829, 53.359567795645603 ], [ -2.84843707585814, 53.356772800670399 ], [ -2.84701591936472, 53.354818560774703 ], [ -2.84631080759137, 53.354006790298101 ], [ -2.85238571616124, 53.353831120004003 ], [ -2.8551028514348, 53.353752153229301 ], [ -2.86282568998471, 53.353520654552497 ], [ -2.86458601080201, 53.353467892237298 ], [ -2.8678213806215, 53.353373271609698 ], [ -2.8757544555154, 53.353190281761599 ], [ -2.87478434201373, 53.356272487241597 ], [ -2.87372013931977, 53.357720307450002 ], [ -2.87344225054286, 53.358430192940403 ], [ -2.87257098863904, 53.358563934515701 ], [ -2.87323523819833, 53.360186080393099 ], [ -2.87181199621463, 53.360394233707403 ], [ -2.87253909975361, 53.362150758433401 ], [ -2.87300449360987, 53.362120382202399 ], [ -2.87370028595665, 53.3630861104158 ], [ -2.87183058658565, 53.363513262395301 ], [ -2.87237098989474, 53.3642194437139 ], [ -2.87330328385473, 53.363859132467198 ], [ -2.87355868980963, 53.365346301750698 ], [ -2.87332584708726, 53.365865048210303 ], [ -2.872146250623, 53.366466036986402 ], [ -2.87221687280905, 53.367307649825101 ], [ -2.87394689977632, 53.371400151417703 ], [ -2.8737869357938, 53.371472936204597 ], [ -2.87179223902902, 53.372810901970297 ], [ -2.86953980072286, 53.373362552183401 ], [ -2.86588288754511, 53.374267670493801 ], [ -2.86348783877416, 53.372100183412499 ], [ -2.86226535165352, 53.371376943223503 ] ] ] } },
{ "type": "Feature", "properties": { "MSOA21CD": "E02001402", "MSOA21NM": "Liverpool 056" }, "geometry": { "type": "Polygon", "coordinates": [ [ [ -2.92683945293374, 53.3680520863198 ], [ -2.92621831297986, 53.367752050924402 ], [ -2.92568170152051, 53.368428361134697 ], [ -2.92531450093207, 53.368733446744599 ], [ -2.92468072509523, 53.368426952769703 ], [ -2.92413315423428, 53.3687582446912 ], [ -2.92349726330021, 53.368574860432702 ], [ -2.92310276447548, 53.368965630947699 ], [ -2.92356911450945, 53.369488439600197 ], [ -2.92436306236359, 53.369025641210598 ], [ -2.92491910071177, 53.369055909486903 ], [ -2.9240746717351, 53.369734163427303 ], [ -2.92087712875187, 53.368912386699201 ], [ -2.92033170818892, 53.368781143445801 ], [ -2.9181419278843, 53.369395731964801 ], [ -2.91789707463031, 53.367915396767899 ], [ -2.91847748254229, 53.367864216849597 ], [ -2.9178661489944, 53.367532286585899 ], [ -2.91722018937971, 53.367620278693401 ], [ -2.91746011687921, 53.367297493836901 ], [ -2.91698879534719, 53.367035690058501 ], [ -2.91612852990663, 53.367075984906698 ], [ -2.91605352030498, 53.366539495642002 ], [ -2.9138773071778, 53.3663925085174 ], [ -2.91341667238556, 53.366726259040398 ], [ -2.91358383254292, 53.367206430571002 ], [ -2.91182787112862, 53.367788281027302 ], [ -2.91097594106382, 53.366886263817399 ], [ -2.91000848428376, 53.366716266246797 ], [ -2.90974845460849, 53.366570773493798 ], [ -2.91030174135157, 53.366137182948499 ], [ -2.91067731034509, 53.366343323385003 ], [ -2.91104558152781, 53.366089067183601 ], [ -2.91009558381206, 53.365553629878001 ], [ -2.90769334479352, 53.364058457805797 ], [ -2.90841324732679, 53.363216504535103 ], [ -2.90890606333718, 53.363303733723498 ], [ -2.90919637202929, 53.363034642077899 ], [ -2.90752303006927, 53.362051683072004 ], [ -2.90329334863754, 53.3612371079697 ], [ -2.9051627628819, 53.3598403499604 ], [ -2.90539112212411, 53.359669887429 ], [ -2.90554902835316, 53.359552840661301 ], [ -2.90559720874689, 53.359517031904602 ], [ -2.90708748708216, 53.358380210970203 ], [ -2.9074221807108, 53.358168589909504 ], [ -2.90629787695607, 53.3576270257742 ], [ -2.90578319560786, 53.357364431077102 ], [ -2.90281104252752, 53.355949179644703 ], [ -2.90281573596027, 53.355883353814299 ], [ -2.90363351980868, 53.354933309338399 ], [ -2.90688085834462, 53.352261676780898 ], [ -2.91057743849601, 53.349943946414498 ], [ -2.91110987588659, 53.350247490758903 ], [ -2.91444088878182, 53.352146358672101 ], [ -2.91591845422015, 53.353719794718302 ], [ -2.91829522455563, 53.354678618346497 ], [ -2.91892071120112, 53.354930933476702 ], [ -2.9199183584759, 53.355589234873499 ], [ -2.92243867054735, 53.357252141178201 ], [ -2.92306475768902, 53.3573107332302 ], [ -2.92365049241755, 53.357365544913101 ], [ -2.9301412311175, 53.360597924897299 ], [ -2.93167653899495, 53.361247120602201 ], [ -2.93042689613172, 53.362021561638201 ], [ -2.93301428147754, 53.3631030195303 ], [ -2.93434524348024, 53.3702981551722 ], [ -2.93425828584539, 53.371090755561497 ], [ -2.93285525494016, 53.371206521329903 ], [ -2.93251094332869, 53.370907988477498 ], [ -2.931539273481, 53.370440923397297 ], [ -2.93003321334968, 53.369780119078698 ], [ -2.92683945293374, 53.3680520863198 ] ] ] } },
{ "type": "Feature", "properties": { "MSOA21CD": "E02001403", "MSOA21NM": "Liverpool 057" }, "geometry": { "type": "Polygon", "coordinates": [ [ [ -2.89250096918677, 53.3574099293917 ], [ -2.89264499853505, 53.357112208199702 ], [ -2.89360100807861, 53.357177614483099 ], [ -2.89338552815292, 53.3557784437739 ], [ -2.89371533629065, 53.355558057121101 ], [ -2.89509665381587, 53.355731341902299 ], [ -2.89497810664637, 53.354681670403103 ], [ -2.89510544115394, 53.354215887311099 ], [ -2.89408587314302, 53.353517761993999 ], [ -2.89347037137122, 53.353063839368303 ], [ -2.89258112062322, 53.353337315969597 ], [ -2.89079730132741, 53.352935142769198 ], [ -2.88848066621421, 53.351909341681498 ], [ -2.89286461775239, 53.349034616041997 ], [ -2.89417117253047, 53.3496309525664 ], [ -2.89477757256617, 53.349176962135402 ], [ -2.89546008455592, 53.349486462443501 ], [ -2.89642079884386, 53.348737439929401 ], [ -2.89499137888468, 53.348000067408798 ], [ -2.89385968194112, 53.348724406847197 ], [ -2.89461002759552, 53.347985584340101 ], [ -2.89499518860199, 53.347659230106999 ], [ -2.89585583602968, 53.346867697494403 ], [ -2.89384172755043, 53.346091754506702 ], [ -2.89326751566058, 53.345852569562702 ], [ -2.89333228957412, 53.345430667479299 ], [ -2.89473871653931, 53.3451015885353 ], [ -2.89320670012461, 53.3440851356428 ], [ -2.89451972959849, 53.344037187297403 ], [ -2.89604939015569, 53.344636973985502 ], [ -2.89815344708416, 53.342698895448898 ], [ -2.90268861851251, 53.344625892372598 ], [ -2.90322638486618, 53.344854367195801 ], [ -2.90489639925915, 53.345686721298101 ], [ -2.90737532287916, 53.347479220415899 ], [ -2.90704136441484, 53.3477396675368 ], [ -2.90824385383232, 53.3481225179479 ], [ -2.90986934033261, 53.349540247593701 ], [ -2.90991382760906, 53.349565610956198 ], [ -2.91057743849601, 53.349943946414498 ], [ -2.90688085834462, 53.352261676780898 ], [ -2.90363351980868, 53.354933309338399 ], [ -2.90281573596027, 53.355883353814299 ], [ -2.90281104252752, 53.355949179644703 ], [ -2.90578319560786, 53.357364431077102 ], [ -2.90629787695607, 53.3576270257742 ], [ -2.9074221807108, 53.358168589909504 ], [ -2.90708748708216, 53.358380210970203 ], [ -2.90559720874689, 53.359517031904602 ], [ -2.90554902835316, 53.359552840661301 ], [ -2.90539112212411, 53.359669887429 ], [ -2.9051627628819, 53.3598403499604 ], [ -2.90329334863754, 53.3612371079697 ], [ -2.90097923123217, 53.362819260424402 ], [ -2.90079776473981, 53.362946132866597 ], [ -2.90049840315137, 53.363204575390697 ], [ -2.89938401324311, 53.364523155434199 ], [ -2.89938077332336, 53.364527010923297 ], [ -2.89579114145819, 53.362388364022301 ], [ -2.89428059008215, 53.361493983010497 ], [ -2.89250409514831, 53.3603932559394 ], [ -2.89128002774545, 53.359640731931101 ], [ -2.89255688714996, 53.359097442750198 ], [ -2.89207314587782, 53.358546634069903 ], [ -2.89233263545382, 53.358260267112001 ], [ -2.89288425199374, 53.3578900517251 ], [ -2.89209008994404, 53.3578804158549 ], [ -2.89250096918677, 53.3574099293917 ] ] ] } },
{ "type": "Feature", "properties": { "MSOA21CD": "E02001404", "MSOA21NM": "Liverpool 058" }, "geometry": { "type": "Polygon", "coordinates": [ [ [ -2.89016940308254, 53.358958736920599 ], [ -2.88695978212879, 53.357133213938802 ], [ -2.88284507153307, 53.354728171487302 ], [ -2.87932166492874, 53.353589320695903 ], [ -2.8757544555154, 53.353190281761599 ], [ -2.8678213806215, 53.353373271609698 ], [ -2.86458601080201, 53.353467892237298 ], [ -2.86282568998471, 53.353520654552497 ], [ -2.8551028514348, 53.353752153229301 ], [ -2.85238571616124, 53.353831120004003 ], [ -2.84631080759137, 53.354006790298101 ], [ -2.84048900570535, 53.347401208008101 ], [ -2.84949333695866, 53.348377333132198 ], [ -2.84962631222583, 53.347696831312 ], [ -2.85046339214471, 53.344933222324798 ], [ -2.85047207755232, 53.3449039643261 ], [ -2.85061268997143, 53.344431069352801 ], [ -2.85121264353171, 53.342416574573498 ], [ -2.85214915920671, 53.339257653056201 ], [ -2.85152138446779, 53.339182005310398 ], [ -2.84672800936133, 53.338565095339298 ], [ -2.84100883806973, 53.3381374987136 ], [ -2.83877497188088, 53.338123382190098 ], [ -2.83477911320975, 53.338096291042099 ], [ -2.83250585838702, 53.337930624968401 ], [ -2.83226813289107, 53.337280836167103 ], [ -2.83153066882682, 53.335127125340101 ], [ -2.82665415568884, 53.331660599417503 ], [ -2.82665648988828, 53.331659315808999 ], [ -2.82882964428382, 53.330976580118502 ], [ -2.83303115155154, 53.328512289729403 ], [ -2.83641023579066, 53.327018034196698 ], [ -2.84052000067875, 53.326804852210898 ], [ -2.85497272390764, 53.327471702316799 ], [ -2.86492744109482, 53.330145147931198 ], [ -2.87187016583771, 53.332476760396503 ], [ -2.87815839926006, 53.334198839897802 ], [ -2.89815344708416, 53.342698895448898 ], [ -2.89604939015569, 53.344636973985502 ], [ -2.89451972959849, 53.344037187297403 ], [ -2.89320670012461, 53.3440851356428 ], [ -2.89473871653931, 53.3451015885353 ], [ -2.89333228957412, 53.345430667479299 ], [ -2.89326751566058, 53.345852569562702 ], [ -2.89384172755043, 53.346091754506702 ], [ -2.89585583602968, 53.346867697494403 ], [ -2.89499518860199, 53.347659230106999 ], [ -2.89461002759552, 53.347985584340101 ], [ -2.89385968194112, 53.348724406847197 ], [ -2.89499137888468, 53.348000067408798 ], [ -2.89642079884386, 53.348737439929401 ], [ -2.89546008455592, 53.349486462443501 ], [ -2.89477757256617, 53.349176962135402 ], [ -2.89417117253047, 53.3496309525664 ], [ -2.89286461775239, 53.349034616041997 ], [ -2.88848066621421, 53.351909341681498 ], [ -2.89079730132741, 53.352935142769198 ], [ -2.89258112062322, 53.353337315969597 ], [ -2.89347037137122, 53.353063839368303 ], [ -2.89408587314302, 53.353517761993999 ], [ -2.89510544115394, 53.354215887311099 ], [ -2.89497810664637, 53.354681670403103 ], [ -2.89509665381587, 53.355731341902299 ], [ -2.89371533629065, 53.355558057121101 ], [ -2.89338552815292, 53.3557784437739 ], [ -2.89360100807861, 53.357177614483099 ], [ -2.89264499853505, 53.357112208199702 ], [ -2.89250096918677, 53.3574099293917 ], [ -2.89209008994404, 53.3578804158549 ], [ -2.89288425199374, 53.3578900517251 ], [ -2.89233263545382, 53.358260267112001 ], [ -2.89207314587782, 53.358546634069903 ], [ -2.89255688714996, 53.359097442750198 ], [ -2.89128002774545, 53.359640731931101 ], [ -2.89016940308254, 53.358958736920599 ] ] ] } },
{ "type": "Feature", "properties": { "MSOA21CD": "E02001405", "MSOA21NM": "Liverpool 059" }, "geometry": { "type": "Polygon", "coordinates": [ [ [ -2.83977115077708, 53.3472811068238 ], [ -2.83438851355898, 53.346677003155797 ], [ -2.82950341541245, 53.346862180096402 ], [ -2.82933651140356, 53.346883007575201 ], [ -2.82362846061201, 53.347973361621499 ], [ -2.82249800146417, 53.347773107007399 ], [ -2.81843920035093, 53.348007749379903 ], [ -2.81879723762415, 53.347807537403497 ], [ -2.81879799917673, 53.346131714809999 ], [ -2.81960970434041, 53.3441121085745 ], [ -2.81986845476272, 53.3436781432099 ], [ -2.81800072815152, 53.342981440708598 ], [ -2.81984021637417, 53.341200615080297 ], [ -2.81870959974025, 53.340730207828997 ], [ -2.8187798507099, 53.339771864156099 ], [ -2.8203767529703, 53.339887788215599 ], [ -2.82020996434814, 53.340407191930197 ], [ -2.82132887069823, 53.340577362932599 ], [ -2.82232848925858, 53.340693737416998 ], [ -2.82244621789751, 53.340268072869499 ], [ -2.82327030819002, 53.338711673118503 ], [ -2.82348290619488, 53.337388022217098 ], [ -2.82700612981543, 53.337861419188997 ], [ -2.82975725924005, 53.3378226596205 ], [ -2.83106541285585, 53.3377719943825 ], [ -2.83108296012837, 53.337274953924698 ], [ -2.83226813289107, 53.337280836167103 ], [ -2.83250585838702, 53.337930624968401 ], [ -2.83477911320975, 53.338096291042099 ], [ -2.83877497188088, 53.338123382190098 ], [ -2.84100883806973, 53.3381374987136 ], [ -2.84672800936133, 53.338565095339298 ], [ -2.85152138446779, 53.339182005310398 ], [ -2.85214915920671, 53.339257653056201 ], [ -2.85121264353171, 53.342416574573498 ], [ -2.85061268997143, 53.344431069352801 ], [ -2.85047207755232, 53.3449039643261 ], [ -2.85046339214471, 53.344933222324798 ], [ -2.84962631222583, 53.347696831312 ], [ -2.84949333695866, 53.348377333132198 ], [ -2.84048900570535, 53.347401208008101 ], [ -2.83977115077708, 53.3472811068238 ] ] ] } },
{ "type": "Feature", "properties": { "MSOA21CD": "E02006932", "MSOA21NM": "Liverpool 060" }, "geometry": { "type": "Polygon", "coordinates": [ [ [ -2.96858868614129, 53.413681080901803 ], [ -2.96793456063704, 53.411768294358801 ], [ -2.96784556747604, 53.410578849383803 ], [ -2.96783475082894, 53.410372024686701 ], [ -2.96824972947397, 53.408748761687399 ], [ -2.97009903441738, 53.408873118152101 ], [ -2.97049916086558, 53.408895593576197 ], [ -2.97155168177321, 53.408955828038799 ], [ -2.97456666291165, 53.409245865451503 ], [ -2.97365042896408, 53.407865143353 ], [ -2.97360257823132, 53.407788768857799 ], [ -2.97309007835204, 53.405527824205002 ], [ -2.97136359067893, 53.405663259564299 ], [ -2.96293451023963, 53.406228986046898 ], [ -2.96234982064999, 53.406237667412299 ], [ -2.96228440093066, 53.405598986575598 ], [ -2.96102611610342, 53.404164704068798 ], [ -2.96131025194164, 53.4030943912203 ], [ -2.96081004004208, 53.403070939311299 ], [ -2.96082887446418, 53.403042338155501 ], [ -2.96578101362313, 53.403303907388299 ], [ -2.96568978166637, 53.403924875695701 ], [ -2.96672869581855, 53.403970412727404 ], [ -2.96690114121715, 53.402910355598003 ], [ -2.96790742907591, 53.402538395887099 ], [ -2.96700261580726, 53.402182749818401 ], [ -2.96720387030729, 53.400956386409497 ], [ -2.96738208240531, 53.400944871834497 ], [ -2.96884872322559, 53.401283558579003 ], [ -2.96942241554511, 53.4013777833514 ], [ -2.96890723408359, 53.401817372538197 ], [ -2.96932892299436, 53.402251547778398 ], [ -2.96949768298762, 53.402042347525501 ], [ -2.97008904201793, 53.402151643597598 ], [ -2.97045082398183, 53.401555338028601 ], [ -2.97110603607265, 53.400315726773002 ], [ -2.97268006816197, 53.400652178243803 ], [ -2.97243640036991, 53.400244638724303 ], [ -2.97161441659939, 53.400176285079397 ], [ -2.97166183186822, 53.399921778026098 ], [ -2.97283738532942, 53.400082038003902 ], [ -2.97297944183334, 53.399537412666199 ], [ -2.97450585135873, 53.399140825796003 ], [ -2.97446082650346, 53.3980738417428 ], [ -2.97510343427772, 53.397667524243303 ], [ -2.9760191601117, 53.397908645974802 ], [ -2.97619768840289, 53.3977354817278 ], [ -2.97622160009034, 53.398976195482398 ], [ -2.97569078693319, 53.398848375577003 ], [ -2.97637623053738, 53.399622276986896 ], [ -2.97688660522425, 53.400173889857797 ], [ -2.97759679375769, 53.399567255271201 ], [ -2.97825021842204, 53.399870991672699 ], [ -2.97872570268442, 53.399761487915796 ], [ -2.97920995767219, 53.400378796728198 ], [ -2.97953060806752, 53.4000998423627 ], [ -2.9809941916911, 53.400793181089803 ], [ -2.98174046748215, 53.400814243750602 ], [ -2.98315043571352, 53.401156702576102 ], [ -2.98351263050593, 53.401244670702901 ], [ -2.98323540164524, 53.4016154921732 ], [ -2.98294375103173, 53.4020133980708 ], [ -2.98260582195086, 53.402411683920597 ], [ -2.98334660052811, 53.402699352393697 ], [ -2.98261820996922, 53.403382406741002 ], [ -2.98196040695587, 53.4039532632179 ], [ -2.97945552091994, 53.4027251896959 ], [ -2.97860425292783, 53.403241020701998 ], [ -2.97752570224884, 53.402721882696902 ], [ -2.97705707844405, 53.402490900812097 ], [ -2.97666911469728, 53.4029016720229 ], [ -2.9769642777034, 53.403095267275198 ], [ -2.9761297191422, 53.403700716108197 ], [ -2.97520668438762, 53.4038854770073 ], [ -2.97457503358961, 53.4031059975595 ], [ -2.97380760109158, 53.4030589948688 ], [ -2.97358605961847, 53.403896761078499 ], [ -2.97655282516182, 53.404708508981599 ], [ -2.97785855658922, 53.403924791856198 ], [ -2.97840790706251, 53.404834797322103 ], [ -2.97683695745346, 53.404806195701902 ], [ -2.97725471830022, 53.4051432213477 ], [ -2.97799061655877, 53.405092255505402 ], [ -2.97826426370201, 53.405532992247899 ], [ -2.98132628038644, 53.4047413067983 ], [ -2.98359251823997, 53.405146536762402 ], [ -2.98581691917786, 53.405403769606501 ], [ -2.98829809812159, 53.405287967148098 ], [ -2.98874776097484, 53.4064778655586 ], [ -2.98901798610219, 53.407043893525099 ], [ -2.98968579280655, 53.407583051753001 ], [ -2.98940861041876, 53.407730822289203 ], [ -2.98867770844334, 53.408015665321898 ], [ -2.98957852796263, 53.408668939318602 ], [ -2.98918150142191, 53.409032370611897 ], [ -2.99005081281705, 53.409430830917699 ], [ -2.98975383259479, 53.409642567796702 ], [ -2.9895317663417, 53.409797216113503 ], [ -2.98875449186039, 53.409363203850702 ], [ -2.98841354074233, 53.409581755232402 ], [ -2.98787941349522, 53.409253590103702 ], [ -2.9875661310922, 53.4093994286305 ], [ -2.98650193228682, 53.408791401811897 ], [ -2.9853375499161, 53.409274583640602 ], [ -2.98682962373568, 53.410204981728697 ], [ -2.9879442601183, 53.410039146149202 ], [ -2.98804784975812, 53.4097695889809 ], [ -2.9887918116722, 53.410324690230198 ], [ -2.98974864342955, 53.410937133330499 ], [ -2.98948320289798, 53.411238522481398 ], [ -2.98829744951839, 53.411713046974498 ], [ -2.98851532114724, 53.412025850138797 ], [ -2.98745080521949, 53.412138267247101 ], [ -2.98754235537114, 53.412441851103303 ], [ -2.98551805684962, 53.412721084072999 ], [ -2.98521783642723, 53.412757018276501 ], [ -2.98502172747809, 53.411883921947599 ], [ -2.98371393215852, 53.411930654831004 ], [ -2.98364754654395, 53.411661539495903 ], [ -2.98358231210416, 53.411387506776201 ], [ -2.98254930067896, 53.411661590490297 ], [ -2.98235381374305, 53.411273033313897 ], [ -2.98294946537471, 53.4100942573765 ], [ -2.98272852583697, 53.410228884042098 ], [ -2.98262395259494, 53.409644712232399 ], [ -2.98091589221504, 53.409435795062798 ], [ -2.9802014183125, 53.409704653181102 ], [ -2.97857084597778, 53.409402113842297 ], [ -2.97826453896914, 53.410876350371197 ], [ -2.97745534138399, 53.410615748888702 ], [ -2.97663834378515, 53.411728047984802 ], [ -2.97644981841687, 53.411379028283797 ], [ -2.97607542503038, 53.411453998469597 ], [ -2.97640199799508, 53.411918744017001 ], [ -2.97475681509393, 53.412256397256101 ], [ -2.97486992005301, 53.411962836437397 ], [ -2.97435596713571, 53.411738293618697 ], [ -2.97448409796751, 53.412260249634301 ], [ -2.97382507721705, 53.412389220078502 ], [ -2.97387287087742, 53.412505675130298 ], [ -2.97320777112249, 53.412497730187901 ], [ -2.97327130364275, 53.412766614297396 ], [ -2.9719269326464, 53.4129524201023 ], [ -2.9720686489396, 53.413216120307901 ], [ -2.97151309285979, 53.413316061637502 ], [ -2.97029951415492, 53.413487575418202 ], [ -2.96950492695416, 53.413610881926999 ], [ -2.96858868614129, 53.413681080901803 ] ] ] } },
{ "type": "Feature", "properties": { "MSOA21CD": "E02006933", "MSOA21NM": "Liverpool 061" }, "geometry": { "type": "Polygon", "coordinates": [ [ [ -2.97826426370201, 53.405532992247899 ], [ -2.97799061655877, 53.405092255505402 ], [ -2.97725471830022, 53.4051432213477 ], [ -2.97683695745346, 53.404806195701902 ], [ -2.97840790706251, 53.404834797322103 ], [ -2.97785855658922, 53.403924791856198 ], [ -2.97655282516182, 53.404708508981599 ], [ -2.97358605961847, 53.403896761078499 ], [ -2.97380760109158, 53.4030589948688 ], [ -2.97457503358961, 53.4031059975595 ], [ -2.97520668438762, 53.4038854770073 ], [ -2.9761297191422, 53.403700716108197 ], [ -2.9769642777034, 53.403095267275198 ], [ -2.97666911469728, 53.4029016720229 ], [ -2.97705707844405, 53.402490900812097 ], [ -2.97752570224884, 53.402721882696902 ], [ -2.97860425292783, 53.403241020701998 ], [ -2.97945552091994, 53.4027251896959 ], [ -2.98196040695587, 53.4039532632179 ], [ -2.98261820996922, 53.403382406741002 ], [ -2.98334660052811, 53.402699352393697 ], [ -2.98260582195086, 53.402411683920597 ], [ -2.98294375103173, 53.4020133980708 ], [ -2.98323540164524, 53.4016154921732 ], [ -2.98351263050593, 53.401244670702901 ], [ -2.98315043571352, 53.401156702576102 ], [ -2.98174046748215, 53.400814243750602 ], [ -2.9809941916911, 53.400793181089803 ], [ -2.97953060806752, 53.4000998423627 ], [ -2.97920995767219, 53.400378796728198 ], [ -2.97872570268442, 53.399761487915796 ], [ -2.97825021842204, 53.399870991672699 ], [ -2.97759679375769, 53.399567255271201 ], [ -2.97877349815625, 53.399060672177903 ], [ -2.97886775468617, 53.399398889676696 ], [ -2.98059125369101, 53.399464818003302 ], [ -2.98111305154854, 53.399137111840702 ], [ -2.98079672250609, 53.3982557215325 ], [ -2.98128423196718, 53.397974375755098 ], [ -2.98216818660822, 53.3983792913928 ], [ -2.98199078817885, 53.398044609093098 ], [ -2.98186986601915, 53.397833419534997 ], [ -2.98328323785456, 53.397165608357703 ], [ -2.9820878363425, 53.396195647201303 ], [ -2.98175021494487, 53.395901787330601 ], [ -2.98148778570824, 53.395607308963399 ], [ -2.98068017225434, 53.395802706348398 ], [ -2.97963312071558, 53.394085423541803 ], [ -2.97946010868175, 53.393754251997102 ], [ -2.98104647029655, 53.393439965074798 ], [ -2.98077800950857, 53.3928625294471 ], [ -2.9776023152583, 53.393400919108203 ], [ -2.97700154663299, 53.392120417927998 ], [ -2.97643488840779, 53.392137687837398 ], [ -2.97592856848381, 53.391490187218501 ], [ -2.97542883960207, 53.391557630841902 ], [ -2.97538725954377, 53.3918909040543 ], [ -2.97472210213864, 53.391644082810402 ], [ -2.97437631259214, 53.391068031001801 ], [ -2.97560826006783, 53.391070940916499 ], [ -2.97540423446351, 53.390732984905199 ], [ -2.97410969744089, 53.3907597077323 ], [ -2.9746094957033, 53.390099454859403 ], [ -2.97351568433998, 53.390296936460999 ], [ -2.97339138279005, 53.390034057339797 ], [ -2.97458460390529, 53.389668187030097 ], [ -2.97346138894825, 53.389392798191501 ], [ -2.97363167830235, 53.388797967651897 ], [ -2.97403662084471, 53.388941339840201 ], [ -2.97383377397471, 53.388337235577502 ], [ -2.97513724834998, 53.3881217473728 ], [ -2.97671725000657, 53.387864452053797 ], [ -2.9772098674202, 53.387786544434803 ], [ -2.97999557912593, 53.387342994070501 ], [ -2.9814469573334, 53.387111364393299 ], [ -2.98402153636925, 53.386681576374997 ], [ -2.98399997383238, 53.386773871030101 ], [ -2.98414647989269, 53.386660717131598 ], [ -2.98435296790813, 53.386626244219599 ], [ -2.98450227334045, 53.386385919399601 ], [ -2.98500489120574, 53.386540177559802 ], [ -2.98650446175201, 53.388249804589201 ], [ -2.98631130080704, 53.388521199686998 ], [ -2.98626563663504, 53.3885853571404 ], [ -2.98694821458059, 53.3888412206148 ], [ -2.98795063364481, 53.389989845824097 ], [ -2.98668530837601, 53.3900865844751 ], [ -2.9868051782408, 53.390391223892699 ], [ -2.98813603922252, 53.390265184699501 ], [ -2.9880725575168, 53.391094533952803 ], [ -2.98891026554593, 53.391686276512303 ], [ -2.99126822876236, 53.395229018249701 ], [ -2.9950609437569, 53.400926099052697 ], [ -2.99501031169867, 53.401722062511702 ], [ -2.99504751139423, 53.401746725266896 ], [ -2.99165229410095, 53.403746887518402 ], [ -2.99087531768853, 53.404121615234601 ], [ -2.99052634539308, 53.404277897027697 ], [ -2.9897637367905, 53.404619479675098 ], [ -2.98976862985837, 53.405219970580298 ], [ -2.98829809812159, 53.405287967148098 ], [ -2.98581691917786, 53.405403769606501 ], [ -2.98359251823997, 53.405146536762402 ], [ -2.98132628038644, 53.4047413067983 ], [ -2.97826426370201, 53.405532992247899 ] ] ] } },
{ "type": "Feature", "properties": { "MSOA21CD": "E02006934", "MSOA21NM": "Liverpool 062" }, "geometry": { "type": "Polygon", "coordinates": [ [ [ -2.98464977909169, 53.417082537685303 ], [ -2.98388339998278, 53.415947042684003 ], [ -2.98351083025269, 53.415395803387199 ], [ -2.98233743474754, 53.415018145127902 ], [ -2.98263372094204, 53.4142800203619 ], [ -2.9829807551856, 53.4145135458214 ], [ -2.98450699468066, 53.414351078246199 ], [ -2.98656136132864, 53.414055479349202 ], [ -2.98648910026925, 53.413816840947703 ], [ -2.98634077549712, 53.413279775367698 ], [ -2.98551805684962, 53.412721084072999 ], [ -2.98754235537114, 53.412441851103303 ], [ -2.98745080521949, 53.412138267247101 ], [ -2.98851532114724, 53.412025850138797 ], [ -2.98829744951839, 53.411713046974498 ], [ -2.98948320289798, 53.411238522481398 ], [ -2.98974864342955, 53.410937133330499 ], [ -2.9887918116722, 53.410324690230198 ], [ -2.98804784975812, 53.4097695889809 ], [ -2.9879442601183, 53.410039146149202 ], [ -2.98682962373568, 53.410204981728697 ], [ -2.9853375499161, 53.409274583640602 ], [ -2.98650193228682, 53.408791401811897 ], [ -2.9875661310922, 53.4093994286305 ], [ -2.98787941349522, 53.409253590103702 ], [ -2.98841354074233, 53.409581755232402 ], [ -2.98875449186039, 53.409363203850702 ], [ -2.9895317663417, 53.409797216113503 ], [ -2.98975383259479, 53.409642567796702 ], [ -2.99005081281705, 53.409430830917699 ], [ -2.98918150142191, 53.409032370611897 ], [ -2.98957852796263, 53.408668939318602 ], [ -2.98867770844334, 53.408015665321898 ], [ -2.98940861041876, 53.407730822289203 ], [ -2.98968579280655, 53.407583051753001 ], [ -2.98901798610219, 53.407043893525099 ], [ -2.98874776097484, 53.4064778655586 ], [ -2.98829809812159, 53.405287967148098 ], [ -2.98976862985837, 53.405219970580298 ], [ -2.9897637367905, 53.404619479675098 ], [ -2.99052634539308, 53.404277897027697 ], [ -2.99087531768853, 53.404121615234601 ], [ -2.99165229410095, 53.403746887518402 ], [ -2.99504751139423, 53.401746725266896 ], [ -2.99588725940205, 53.4023034405093 ], [ -2.99693690606315, 53.4038369597979 ], [ -2.99960164216336, 53.407729566413202 ], [ -2.99995257951942, 53.407684394424599 ], [ -3.00184542297024, 53.4103255736946 ], [ -3.00177966173201, 53.410903226196602 ], [ -3.00176306297194, 53.411049022655803 ], [ -3.00175834880826, 53.4112369549118 ], [ -3.00175140542279, 53.411513795591603 ], [ -3.00246464625565, 53.411519495790998 ], [ -3.00261219667183, 53.412672441955102 ], [ -3.00313046599549, 53.4125781409277 ], [ -3.00350316740845, 53.413816515820699 ], [ -3.00423783720427, 53.416257386017001 ], [ -2.99918038716093, 53.416337111916697 ], [ -2.99631025976118, 53.416128865631599 ], [ -2.99457320679723, 53.416189849088099 ], [ -2.98991538062753, 53.416620453204203 ], [ -2.98986926937412, 53.416235695069801 ], [ -2.98720710753984, 53.416399853276502 ], [ -2.98742345714886, 53.416850234352701 ], [ -2.98464977909169, 53.417082537685303 ] ] ] } }
]
}
